,date,open,high,low,close,volume,Name
0,2013-02-08,78.34,79.72,78.01,78.9,1298137,AAP
1,2013-02-09,78.34,79.72,78.01,78.9,1298137,AAP
2,2013-02-10,78.34,79.72,78.01,78.9,1298137,AAP
3,2013-02-11,78.65,78.91,77.23,78.39,758016,AAP
4,2013-02-12,78.39,78.63,77.5132,78.6,876859,AAP
5,2013-02-13,78.9,79.13,77.85,78.97,1038574,AAP
6,2013-02-14,78.66,79.72,78.585,78.84,1005376,AAP
7,2013-02-15,78.83,79.18,77.93,79.0,1247063,AAP
8,2013-02-16,78.83,79.18,77.93,79.0,1247063,AAP
9,2013-02-17,78.83,79.18,77.93,79.0,1247063,AAP
10,2013-02-18,78.83,79.18,77.93,79.0,1247063,AAP
11,2013-02-19,79.12,81.44,78.57,80.72,1730690,AAP
12,2013-02-20,80.42,80.94,79.39,79.5,648693,AAP
13,2013-02-21,79.26,80.05,78.56,79.06,915160,AAP
14,2013-02-22,79.2,79.46,78.63,79.21,538188,AAP
15,2013-02-23,79.2,79.46,78.63,79.21,538188,AAP
16,2013-02-24,79.2,79.46,78.63,79.21,538188,AAP
17,2013-02-25,79.46,79.74,78.36,78.36,579811,AAP
18,2013-02-26,78.42,78.925,76.42,77.15,990145,AAP
19,2013-02-27,77.29,77.58,76.22,77.3,720813,AAP
20,2013-02-28,77.35,77.59,76.34,76.34,1180713,AAP
21,2013-03-01,76.37,76.66,75.623,76.37,1272624,AAP
22,2013-03-02,76.37,76.66,75.623,76.37,1272624,AAP
23,2013-03-03,76.37,76.66,75.623,76.37,1272624,AAP
24,2013-03-04,76.24,77.25,76.1,77.02,1098428,AAP
25,2013-03-05,77.07,77.49,76.72,76.95,1288012,AAP
26,2013-03-06,77.1,77.24,75.97,76.18,1255676,AAP
27,2013-03-07,76.04,76.75,75.7,76.22,965808,AAP
28,2013-03-08,76.44,77.16,75.6302,76.84,736386,AAP
29,2013-03-09,76.44,77.16,75.6302,76.84,736386,AAP
30,2013-03-10,76.44,77.16,75.6302,76.84,736386,AAP
31,2013-03-11,76.88,78.06,76.84,77.53,689362,AAP
32,2013-03-12,77.26,77.66,76.89,77.36,660535,AAP
33,2013-03-13,77.54,78.85,77.32,78.77,644976,AAP
34,2013-03-14,78.9,79.12,77.36,77.67,763234,AAP
35,2013-03-15,77.9,79.59,77.41,79.57,1237958,AAP
36,2013-03-16,77.9,79.59,77.41,79.57,1237958,AAP
37,2013-03-17,77.9,79.59,77.41,79.57,1237958,AAP
38,2013-03-18,79.09,80.76,79.0101,80.7,1219201,AAP
39,2013-03-19,80.64,80.9399,79.77,80.07,1370222,AAP
40,2013-03-20,80.07,80.704,79.8005,80.22,728484,AAP
41,2013-03-21,79.91,80.72,79.85,80.03,616238,AAP
42,2013-03-22,80.12,80.44,78.972,79.81,586660,AAP
43,2013-03-23,80.12,80.44,78.972,79.81,586660,AAP
44,2013-03-24,80.12,80.44,78.972,79.81,586660,AAP
45,2013-03-25,79.83,80.94,79.33,80.53,1150900,AAP
46,2013-03-26,80.86,81.61,80.56,81.6,969581,AAP
47,2013-03-27,81.02,81.7,80.9601,81.64,551193,AAP
48,2013-03-28,81.34,83.07,81.29,82.65,1287266,AAP
49,2013-03-29,81.34,83.07,81.29,82.65,1287266,AAP
50,2013-03-30,81.34,83.07,81.29,82.65,1287266,AAP
51,2013-03-31,81.34,83.07,81.29,82.65,1287266,AAP
52,2013-04-01,82.54,83.03,81.66,82.34,749343,AAP
53,2013-04-02,82.49,82.9099,81.33,82.83,956279,AAP
54,2013-04-03,82.8,82.95,81.5,82.12,846044,AAP
55,2013-04-04,82.2,82.97,81.93,82.2,819476,AAP
56,2013-04-05,81.62,81.62,80.75,80.95,913888,AAP
57,2013-04-06,81.62,81.62,80.75,80.95,913888,AAP
58,2013-04-07,81.62,81.62,80.75,80.95,913888,AAP
59,2013-04-08,81.0,81.15,80.35,80.63,837488,AAP
60,2013-04-09,79.97,79.97,78.5,78.71,1462823,AAP
61,2013-04-10,79.0,81.85,79.0,81.23,1758927,AAP
62,2013-04-11,81.03,83.37,80.81,83.01,1041745,AAP
63,2013-04-12,82.96,83.52,81.58,81.99,1009086,AAP
64,2013-04-13,82.96,83.52,81.58,81.99,1009086,AAP
65,2013-04-14,82.96,83.52,81.58,81.99,1009086,AAP
66,2013-04-15,81.89,82.2,79.99,80.27,1004499,AAP
67,2013-04-16,80.69,80.97,79.8,80.47,720223,AAP
68,2013-04-17,80.25,80.25,79.05,79.82,762815,AAP
69,2013-04-18,79.8,79.86,78.805,78.92,651867,AAP
70,2013-04-19,79.14,80.69,77.98,79.93,1044797,AAP
71,2013-04-20,79.14,80.69,77.98,79.93,1044797,AAP
72,2013-04-21,79.14,80.69,77.98,79.93,1044797,AAP
73,2013-04-22,79.85,79.9699,78.75,79.07,564056,AAP
74,2013-04-23,79.55,81.23,79.53,80.55,653790,AAP
75,2013-04-24,80.47,81.43,80.47,81.18,663747,AAP
76,2013-04-25,82.6,84.01,82.05,83.0,1280254,AAP
77,2013-04-26,83.04,83.26,82.47,82.94,710347,AAP
78,2013-04-27,83.04,83.26,82.47,82.94,710347,AAP
79,2013-04-28,83.04,83.26,82.47,82.94,710347,AAP
80,2013-04-29,83.0,83.58,82.76,83.02,764828,AAP
81,2013-04-30,83.0,83.93,82.33,83.88,792369,AAP
82,2013-05-01,83.85,84.97,83.44,84.34,688085,AAP
83,2013-05-02,84.44,84.98,83.93,84.59,674663,AAP
84,2013-05-03,85.02,85.74,84.14,84.56,694591,AAP
85,2013-05-04,85.02,85.74,84.14,84.56,694591,AAP
86,2013-05-05,85.02,85.74,84.14,84.56,694591,AAP
87,2013-05-06,84.71,85.05,84.03,84.91,394037,AAP
88,2013-05-07,85.31,85.7,84.61,85.58,429232,AAP
89,2013-05-08,85.5,85.87,84.61,85.12,502835,AAP
90,2013-05-09,84.92,85.7,84.59,84.72,428060,AAP
91,2013-05-10,84.8,85.97,84.52,85.43,537369,AAP
92,2013-05-11,84.8,85.97,84.52,85.43,537369,AAP
93,2013-05-12,84.8,85.97,84.52,85.43,537369,AAP
94,2013-05-13,85.25,85.38,83.66,85.0,727903,AAP
95,2013-05-14,85.18,86.23,84.96,86.12,387664,AAP
96,2013-05-15,85.96,86.54,85.42,86.4,348660,AAP
97,2013-05-16,86.32,86.92,85.04,85.42,610588,AAP
98,2013-05-17,85.57,86.46,85.51,86.16,573051,AAP
99,2013-05-18,85.57,86.46,85.51,86.16,573051,AAP
100,2013-05-19,85.57,86.46,85.51,86.16,573051,AAP
101,2013-05-20,85.79,86.98,85.37,86.52,630338,AAP
102,2013-05-21,87.17,88.74,87.05,87.18,748454,AAP
103,2013-05-22,87.25,87.33,85.55,85.8,514455,AAP
104,2013-05-23,84.57,85.42,83.22,84.08,1444650,AAP
105,2013-05-24,83.75,84.0199,83.12,83.39,589923,AAP
106,2013-05-25,83.75,84.0199,83.12,83.39,589923,AAP
107,2013-05-26,83.75,84.0199,83.12,83.39,589923,AAP
108,2013-05-27,83.75,84.0199,83.12,83.39,589923,AAP
109,2013-05-28,84.0,84.53,82.87,83.63,543927,AAP
110,2013-05-29,83.14,83.48,81.81,82.16,770171,AAP
111,2013-05-30,82.34,82.89,81.58,82.07,525025,AAP
112,2013-05-31,81.78,83.124,81.51,81.52,493284,AAP
113,2013-06-01,81.78,83.124,81.51,81.52,493284,AAP
114,2013-06-02,81.78,83.124,81.51,81.52,493284,AAP
115,2013-06-03,81.54,82.57,80.3,82.55,917977,AAP
116,2013-06-04,82.39,83.39,81.88,81.99,548998,AAP
117,2013-06-05,81.96,82.94,81.53,81.55,472367,AAP
118,2013-06-06,81.77,83.24,81.635,83.23,343350,AAP
119,2013-06-07,83.49,84.53,83.18,84.32,541563,AAP
120,2013-06-08,83.49,84.53,83.18,84.32,541563,AAP
121,2013-06-09,83.49,84.53,83.18,84.32,541563,AAP
122,2013-06-10,84.32,84.96,83.39,83.62,369813,AAP
123,2013-06-11,82.89,83.41,82.6,82.69,486934,AAP
124,2013-06-12,83.09,83.41,82.04,82.35,461216,AAP
125,2013-06-13,82.44,83.31,82.2,82.75,467126,AAP
126,2013-06-14,82.61,83.64,81.64,82.48,521876,AAP
127,2013-06-15,82.61,83.64,81.64,82.48,521876,AAP
128,2013-06-16,82.61,83.64,81.64,82.48,521876,AAP
129,2013-06-17,82.58,83.45,82.11,82.48,521596,AAP
130,2013-06-18,82.5,83.71,82.14,83.69,345318,AAP
131,2013-06-19,83.3,84.48,82.44,84.07,1079373,AAP
132,2013-06-20,83.69,83.8,82.73,82.88,704461,AAP
133,2013-06-21,83.02,83.08,80.57,80.74,967901,AAP
134,2013-06-22,83.02,83.08,80.57,80.74,967901,AAP
135,2013-06-23,83.02,83.08,80.57,80.74,967901,AAP
136,2013-06-24,79.85,80.87,79.49,80.22,705907,AAP
137,2013-06-25,80.71,81.57,80.71,81.39,502751,AAP
138,2013-06-26,80.78,81.05,79.47,79.75,1178594,AAP
139,2013-06-27,80.22,80.75,79.86,80.02,673139,AAP
140,2013-06-28,80.01,81.75,79.70100000000001,81.17,831563,AAP
141,2013-06-29,80.01,81.75,79.70100000000001,81.17,831563,AAP
142,2013-06-30,80.01,81.75,79.70100000000001,81.17,831563,AAP
143,2013-07-01,81.72,82.7,81.46,81.89,721391,AAP
144,2013-07-02,82.0,82.66,81.04,81.47,456597,AAP
145,2013-07-03,81.22,82.2,81.03,81.99,263283,AAP
146,2013-07-04,81.22,82.2,81.03,81.99,263283,AAP
147,2013-07-05,82.62,82.9,81.445,82.58,273918,AAP
148,2013-07-06,82.62,82.9,81.445,82.58,273918,AAP
149,2013-07-07,82.62,82.9,81.445,82.58,273918,AAP
150,2013-07-08,83.1,84.01,82.94,83.72,616938,AAP
151,2013-07-09,84.02,84.16,83.14,83.2,376874,AAP
152,2013-07-10,83.25,83.31,82.6,82.75,829283,AAP
153,2013-07-11,83.5,83.72,82.71,82.76,788696,AAP
154,2013-07-12,82.93,83.325,82.33,82.67,505599,AAP
155,2013-07-13,82.93,83.325,82.33,82.67,505599,AAP
156,2013-07-14,82.93,83.325,82.33,82.67,505599,AAP
157,2013-07-15,82.9,83.48,82.13,83.38,461123,AAP
158,2013-07-16,83.29,83.65,81.85,82.38,450224,AAP
159,2013-07-17,82.55,82.8899,81.44,81.49,460785,AAP
160,2013-07-18,81.5,82.65799999999999,81.4,82.5,1015370,AAP
161,2013-07-19,82.15,82.74,82.01,82.21,355861,AAP
162,2013-07-20,82.15,82.74,82.01,82.21,355861,AAP
163,2013-07-21,82.15,82.74,82.01,82.21,355861,AAP
164,2013-07-22,82.05,82.99,81.58,82.75,548236,AAP
165,2013-07-23,82.99,83.59,82.46,82.7,584942,AAP
166,2013-07-24,82.82,82.95,81.27,81.53,517905,AAP
167,2013-07-25,81.9,82.46,81.05,82.22,925230,AAP
168,2013-07-26,82.93,83.43,82.38,82.64,620011,AAP
169,2013-07-27,82.93,83.43,82.38,82.64,620011,AAP
170,2013-07-28,82.93,83.43,82.38,82.64,620011,AAP
171,2013-07-29,82.61,82.88,81.93,82.33,332070,AAP
172,2013-07-30,82.53,82.8,82.15,82.19,482674,AAP
173,2013-07-31,82.25,83.07,82.01,82.49,521429,AAP
174,2013-08-01,83.17,83.72,82.47,83.43,912861,AAP
175,2013-08-02,83.29,83.52,82.83,83.47,412701,AAP
176,2013-08-03,83.29,83.52,82.83,83.47,412701,AAP
177,2013-08-04,83.29,83.52,82.83,83.47,412701,AAP
178,2013-08-05,83.19,83.8,82.9,83.41,445654,AAP
179,2013-08-06,83.42,83.42,82.5,83.18,637594,AAP
180,2013-08-07,82.82,82.93,81.82,82.29,996410,AAP
181,2013-08-08,83.0,83.14,79.33,81.65,2492117,AAP
182,2013-08-09,81.34,83.24,81.06,83.17,1403632,AAP
183,2013-08-10,81.34,83.24,81.06,83.17,1403632,AAP
184,2013-08-11,81.34,83.24,81.06,83.17,1403632,AAP
185,2013-08-12,83.14,83.5,82.41,82.45,687053,AAP
186,2013-08-13,82.73,84.93,82.41,84.49,1200805,AAP
187,2013-08-14,84.28,84.67,83.51,83.55,405505,AAP
188,2013-08-15,82.94,83.27,81.87,81.88,717733,AAP
189,2013-08-16,81.66,81.86,80.72,80.8,640919,AAP
190,2013-08-17,81.66,81.86,80.72,80.8,640919,AAP
191,2013-08-18,81.66,81.86,80.72,80.8,640919,AAP
192,2013-08-19,80.75,81.43,80.266,80.35,680869,AAP
193,2013-08-20,80.53,82.09,80.32,81.66,604143,AAP
194,2013-08-21,81.58,82.22,81.199,81.73,685648,AAP
195,2013-08-22,81.67,82.25,81.53,81.8,382159,AAP
196,2013-08-23,82.04,83.17,81.77,83.01,481862,AAP
197,2013-08-24,82.04,83.17,81.77,83.01,481862,AAP
198,2013-08-25,82.04,83.17,81.77,83.01,481862,AAP
199,2013-08-26,83.14,83.9,83.02,83.1,267629,AAP
200,2013-08-27,82.32,82.61,81.53,81.53,583289,AAP
201,2013-08-28,81.4,81.74,80.95,81.07,311107,AAP
202,2013-08-29,81.0,81.59,80.68,81.26,403056,AAP
203,2013-08-30,80.76,81.13,79.73,80.07,658388,AAP
204,2013-08-31,80.76,81.13,79.73,80.07,658388,AAP
205,2013-09-01,80.76,81.13,79.73,80.07,658388,AAP
206,2013-09-02,80.76,81.13,79.73,80.07,658388,AAP
207,2013-09-03,81.3499,81.3499,79.41,79.78,904206,AAP
208,2013-09-04,79.85,80.04,79.35,79.78,854647,AAP
209,2013-09-05,79.71,80.49,79.71,80.04,296291,AAP
210,2013-09-06,80.04,80.388,78.91,79.12,546804,AAP
211,2013-09-07,80.04,80.388,78.91,79.12,546804,AAP
212,2013-09-08,80.04,80.388,78.91,79.12,546804,AAP
213,2013-09-09,79.31,79.96,79.31,79.64,406973,AAP
214,2013-09-10,79.99,81.26,79.925,81.08,727636,AAP
215,2013-09-11,81.05,81.5495,80.762,81.44,285352,AAP
216,2013-09-12,81.33,81.5,80.04,80.37,380111,AAP
217,2013-09-13,80.58,80.58,79.26,79.38,414341,AAP
218,2013-09-14,80.58,80.58,79.26,79.38,414341,AAP
219,2013-09-15,80.58,80.58,79.26,79.38,414341,AAP
220,2013-09-16,80.02,80.21,79.67,79.72,573477,AAP
221,2013-09-17,79.67,80.15,79.47,79.93,337160,AAP
222,2013-09-18,80.05,80.42,79.09,80.36,504950,AAP
223,2013-09-19,80.41,81.07,80.3959,80.71,733293,AAP
224,2013-09-20,81.17,81.31,80.6,80.65,775517,AAP
225,2013-09-21,81.17,81.31,80.6,80.65,775517,AAP
226,2013-09-22,81.17,81.31,80.6,80.65,775517,AAP
227,2013-09-23,80.57,80.7,79.47,79.79,696196,AAP
228,2013-09-24,79.6,80.59,79.24,80.1,666192,AAP
229,2013-09-25,80.13,81.57,79.97,81.46,768894,AAP
230,2013-09-26,81.6,82.09,81.41,81.68,541448,AAP
231,2013-09-27,81.2,82.31,81.2,82.06,639580,AAP
232,2013-09-28,81.2,82.31,81.2,82.06,639580,AAP
233,2013-09-29,81.2,82.31,81.2,82.06,639580,AAP
234,2013-09-30,81.34,82.82,81.14,82.68,722681,AAP
235,2013-10-01,82.7,83.94,82.6,83.48,1005074,AAP
236,2013-10-02,82.9,83.05,82.0,82.62,437446,AAP
237,2013-10-03,82.36,82.81,81.28,81.9,423074,AAP
238,2013-10-04,81.87,83.17,81.86,83.16,281465,AAP
239,2013-10-05,81.87,83.17,81.86,83.16,281465,AAP
240,2013-10-06,81.87,83.17,81.86,83.16,281465,AAP
241,2013-10-07,82.76,82.76,81.65,81.98,455580,AAP
242,2013-10-08,81.84,82.5,81.04,81.25,494585,AAP
243,2013-10-09,81.22,81.40899999999999,80.28,80.48,530059,AAP
244,2013-10-10,81.25,81.8,80.57,81.76,483702,AAP
245,2013-10-11,81.82,82.35,80.88,82.33,504039,AAP
246,2013-10-12,81.82,82.35,80.88,82.33,504039,AAP
247,2013-10-13,81.82,82.35,80.88,82.33,504039,AAP
248,2013-10-14,82.16,83.62,82.0,83.61,405131,AAP
249,2013-10-15,83.3,83.3,82.25,82.5,585154,AAP
250,2013-10-16,97.26,99.3,95.15,96.16,7301816,AAP
251,2013-10-17,96.65,97.97,95.82,97.22,3577604,AAP
252,2013-10-18,97.35,98.91,97.35,98.7,1300529,AAP
253,2013-10-19,97.35,98.91,97.35,98.7,1300529,AAP
254,2013-10-20,97.35,98.91,97.35,98.7,1300529,AAP
255,2013-10-21,99.11,99.4,97.77,98.45,615833,AAP
256,2013-10-22,99.0,99.6,98.04,98.72,779284,AAP
257,2013-10-23,98.73,99.84,98.3,99.77,498792,AAP
258,2013-10-24,99.44,99.51,98.501,99.42,767363,AAP
259,2013-10-25,101.32,102.74,101.02,102.67,826661,AAP
260,2013-10-26,101.32,102.74,101.02,102.67,826661,AAP
261,2013-10-27,101.32,102.74,101.02,102.67,826661,AAP
262,2013-10-28,102.67,102.82,100.85,101.0,617856,AAP
263,2013-10-29,100.95,101.51,99.97,100.3,952107,AAP
264,2013-10-30,100.27,100.86,99.03,100.0,729413,AAP
265,2013-10-31,100.0,101.0,99.18,99.18,981461,AAP
266,2013-11-01,98.26,100.14,97.27,99.91,977296,AAP
267,2013-11-02,98.26,100.14,97.27,99.91,977296,AAP
268,2013-11-03,98.26,100.14,97.27,99.91,977296,AAP
269,2013-11-04,99.86,100.27,99.32,99.38,675948,AAP
270,2013-11-05,99.27,100.28,98.52,99.26,618547,AAP
271,2013-11-06,100.0,100.02,98.14,98.51,687004,AAP
272,2013-11-07,98.51,99.25,96.58,96.67,651121,AAP
273,2013-11-08,96.92,97.96,96.65,96.96,426137,AAP
274,2013-11-09,96.92,97.96,96.65,96.96,426137,AAP
275,2013-11-10,96.92,97.96,96.65,96.96,426137,AAP
276,2013-11-11,96.76,99.53,96.76,99.44,728285,AAP
277,2013-11-12,98.98,99.31,98.5,99.24,419034,AAP
278,2013-11-13,99.07,100.186,98.905,99.68,367296,AAP
279,2013-11-14,99.58,99.95,98.14,98.88,288970,AAP
280,2013-11-15,99.25,99.54,98.69,99.34,402598,AAP
281,2013-11-16,99.25,99.54,98.69,99.34,402598,AAP
282,2013-11-17,99.25,99.54,98.69,99.34,402598,AAP
283,2013-11-18,99.68,99.99,97.9,98.31,407263,AAP
284,2013-11-19,98.33,98.33,96.99,97.06,476397,AAP
285,2013-11-20,97.81,98.38,96.758,97.67,308792,AAP
286,2013-11-21,100.0,100.88,99.16,100.04,949898,AAP
287,2013-11-22,100.0,100.22,99.205,100.1,915515,AAP
288,2013-11-23,100.0,100.22,99.205,100.1,915515,AAP
289,2013-11-24,100.0,100.22,99.205,100.1,915515,AAP
290,2013-11-25,100.05,100.42,99.15,100.12,750059,AAP
291,2013-11-26,100.0,102.84,99.95,101.51,2340800,AAP
292,2013-11-27,102.26,102.67,101.41,102.03,400580,AAP
293,2013-11-28,102.26,102.67,101.41,102.03,400580,AAP
294,2013-11-29,101.88,102.11,101.01,101.01,247637,AAP
295,2013-11-30,101.88,102.11,101.01,101.01,247637,AAP
296,2013-12-01,101.88,102.11,101.01,101.01,247637,AAP
297,2013-12-02,101.35,103.4,100.94,103.05,650385,AAP
298,2013-12-03,102.27,107.24,102.27,107.12,1766605,AAP
299,2013-12-04,106.25,107.719,104.2525,105.71,1425387,AAP
300,2013-12-05,104.65,105.62,104.0,104.95,852839,AAP
301,2013-12-06,106.65,106.9,103.75,104.55,1178242,AAP
302,2013-12-07,106.65,106.9,103.75,104.55,1178242,AAP
303,2013-12-08,106.65,106.9,103.75,104.55,1178242,AAP
304,2013-12-09,104.75,105.6,103.94,104.33,760599,AAP
305,2013-12-10,105.47,111.53,105.23,109.45,1707505,AAP
306,2013-12-11,109.55,109.95,106.89,107.05,1046772,AAP
307,2013-12-12,106.78,108.08,106.56,107.93,941828,AAP
308,2013-12-13,110.55,110.55,108.19,109.85,1433137,AAP
309,2013-12-14,110.55,110.55,108.19,109.85,1433137,AAP
310,2013-12-15,110.55,110.55,108.19,109.85,1433137,AAP
311,2013-12-16,110.01,110.4,108.88,109.27,774387,AAP
312,2013-12-17,109.63,109.88,108.03,108.46,847233,AAP
313,2013-12-18,108.85,109.56,106.88,109.27,1104462,AAP
314,2013-12-19,109.2,109.4788,107.75,108.4,623450,AAP
315,2013-12-20,108.51,109.96,108.51,109.36,1013949,AAP
316,2013-12-21,108.51,109.96,108.51,109.36,1013949,AAP
317,2013-12-22,108.51,109.96,108.51,109.36,1013949,AAP
318,2013-12-23,109.78,110.34,109.19,109.84,620027,AAP
319,2013-12-24,109.77,110.94,109.58,110.28,130712,AAP
320,2013-12-25,109.77,110.94,109.58,110.28,130712,AAP
321,2013-12-26,110.17,110.97,109.56,110.17,563408,AAP
322,2013-12-27,110.3,111.94,109.63,109.92,364175,AAP
323,2013-12-28,110.3,111.94,109.63,109.92,364175,AAP
324,2013-12-29,110.3,111.94,109.63,109.92,364175,AAP
325,2013-12-30,110.34,110.58,108.76,109.63,479664,AAP
326,2013-12-31,109.8,111.41,109.49,110.68,381268,AAP
327,2014-01-01,109.8,111.41,109.49,110.68,381268,AAP
328,2014-01-02,110.36,111.88,109.29,109.74,542711,AAP
329,2014-01-03,111.23,114.33,110.58,112.88,987718,AAP
330,2014-01-04,111.23,114.33,110.58,112.88,987718,AAP
331,2014-01-05,111.23,114.33,110.58,112.88,987718,AAP
332,2014-01-06,113.1,113.91,111.44,111.8,1030190,AAP
333,2014-01-07,111.98,113.4,111.63,113.18,922829,AAP
334,2014-01-08,112.47,113.615,111.91,112.3,777177,AAP
335,2014-01-09,113.06,114.22,112.71,113.55,486811,AAP
336,2014-01-10,114.28,115.79700000000001,113.64,115.64,678570,AAP
337,2014-01-11,114.28,115.79700000000001,113.64,115.64,678570,AAP
338,2014-01-12,114.28,115.79700000000001,113.64,115.64,678570,AAP
339,2014-01-13,115.45,115.99,113.77,114.29,941749,AAP
340,2014-01-14,115.4,117.99,113.82,117.6,819539,AAP
341,2014-01-15,117.65,119.54,116.71,117.47,978639,AAP
342,2014-01-16,117.22,118.25,116.15,117.88,609912,AAP
343,2014-01-17,117.81,119.02,117.085,118.44,692356,AAP
344,2014-01-18,117.81,119.02,117.085,118.44,692356,AAP
345,2014-01-19,117.81,119.02,117.085,118.44,692356,AAP
346,2014-01-20,117.81,119.02,117.085,118.44,692356,AAP
347,2014-01-21,119.73,120.31,117.96,118.0,821492,AAP
348,2014-01-22,118.39,118.7099,116.74600000000001,117.75,502024,AAP
349,2014-01-23,116.81,117.53,115.29,116.33,659085,AAP
350,2014-01-24,116.0,117.01,115.47,115.98,782086,AAP
351,2014-01-25,116.0,117.01,115.47,115.98,782086,AAP
352,2014-01-26,116.0,117.01,115.47,115.98,782086,AAP
353,2014-01-27,116.485,117.2,113.8,115.4,974299,AAP
354,2014-01-28,115.39,117.66,115.22,116.25,918455,AAP
355,2014-01-29,115.41,116.61,113.79,113.9,643865,AAP
356,2014-01-30,115.0,115.89,114.45,115.2,585785,AAP
357,2014-01-31,115.23,116.03,113.7,114.81,807498,AAP
358,2014-02-01,115.23,116.03,113.7,114.81,807498,AAP
359,2014-02-02,115.23,116.03,113.7,114.81,807498,AAP
360,2014-02-03,115.44,115.648,109.58,110.22,1327827,AAP
361,2014-02-04,110.97,112.11,110.1,110.25,1086059,AAP
362,2014-02-05,109.86,112.22,109.65,110.75,1719300,AAP
363,2014-02-06,121.5,127.09,120.0,124.86,3374211,AAP
364,2014-02-07,125.63,128.1,124.56,125.0,1697974,AAP
365,2014-02-08,125.63,128.1,124.56,125.0,1697974,AAP
366,2014-02-09,125.63,128.1,124.56,125.0,1697974,AAP
367,2014-02-10,124.52,125.43,123.0,123.32,1118532,AAP
368,2014-02-11,123.47,125.87,123.14,125.44,927637,AAP
369,2014-02-12,125.55,126.68,124.29,124.96,663320,AAP
370,2014-02-13,125.2,127.0,123.84,126.26,802294,AAP
371,2014-02-14,126.71,127.5,125.61,127.34,788744,AAP
372,2014-02-15,126.71,127.5,125.61,127.34,788744,AAP
373,2014-02-16,126.71,127.5,125.61,127.34,788744,AAP
374,2014-02-17,126.71,127.5,125.61,127.34,788744,AAP
375,2014-02-18,127.18,128.32,126.09,126.79,1020332,AAP
376,2014-02-19,126.54,127.48200000000001,125.725,125.94,1096160,AAP
377,2014-02-20,125.98,128.06,125.77,127.56,882740,AAP
378,2014-02-21,127.31,128.48,127.31,127.92,884094,AAP
379,2014-02-22,127.31,128.48,127.31,127.92,884094,AAP
380,2014-02-23,127.31,128.48,127.31,127.92,884094,AAP
381,2014-02-24,128.31,129.1,126.33,126.5,1050651,AAP
382,2014-02-25,126.64,127.83,125.38,125.5,823047,AAP
383,2014-02-26,126.09,126.82,124.5,125.79,1105495,AAP
384,2014-02-27,125.82,126.09,124.43,125.03,888073,AAP
385,2014-02-28,125.05,128.44,125.05,127.36,1037731,AAP
386,2014-03-01,125.05,128.44,125.05,127.36,1037731,AAP
387,2014-03-02,125.05,128.44,125.05,127.36,1037731,AAP
388,2014-03-03,125.92,127.18,125.13,126.28,777204,AAP
389,2014-03-04,128.33,129.99,126.16,126.42,1126458,AAP
390,2014-03-05,126.42,126.71,125.081,125.59,692736,AAP
391,2014-03-06,126.23,127.32,125.86,126.74,715091,AAP
392,2014-03-07,127.03,128.13,126.46,126.8,530257,AAP
393,2014-03-08,127.03,128.13,126.46,126.8,530257,AAP
394,2014-03-09,127.03,128.13,126.46,126.8,530257,AAP
395,2014-03-10,126.82,127.87,125.96,126.78,612844,AAP
396,2014-03-11,127.25,128.49,126.48,126.94,1022210,AAP
397,2014-03-12,125.86,127.01,125.26,126.49,985970,AAP
398,2014-03-13,126.91,126.91,123.81,124.56,754192,AAP
399,2014-03-14,124.45,125.48,123.87,124.6,521611,AAP
400,2014-03-15,124.45,125.48,123.87,124.6,521611,AAP
401,2014-03-16,124.45,125.48,123.87,124.6,521611,AAP
402,2014-03-17,125.61,126.5,124.86,126.3,607672,AAP
403,2014-03-18,126.19,126.19,124.65,125.95,802247,AAP
404,2014-03-19,125.84,126.5,123.4835,124.52,575494,AAP
405,2014-03-20,124.37,125.07,123.365,124.75,588664,AAP
406,2014-03-21,125.58,127.9199,124.31,126.33,1985663,AAP
407,2014-03-22,125.58,127.9199,124.31,126.33,1985663,AAP
408,2014-03-23,125.58,127.9199,124.31,126.33,1985663,AAP
409,2014-03-24,126.44,127.15,124.0919,124.7,525622,AAP
410,2014-03-25,125.23,125.71,123.13,123.56,846436,AAP
411,2014-03-26,124.36,124.51,122.68,122.75,593110,AAP
412,2014-03-27,122.31,125.3,122.07,123.89,735128,AAP
413,2014-03-28,124.61,124.9,123.51,124.65,656426,AAP
414,2014-03-29,124.61,124.9,123.51,124.65,656426,AAP
415,2014-03-30,124.61,124.9,123.51,124.65,656426,AAP
416,2014-03-31,125.26,126.6,124.76,126.5,534075,AAP
417,2014-04-01,126.96,128.49,126.6,127.25,775404,AAP
418,2014-04-02,127.45,127.48,126.21,126.86,722275,AAP
419,2014-04-03,127.06,127.3299,125.56,126.4,401780,AAP
420,2014-04-04,125.14,125.77,121.57,121.64,904481,AAP
421,2014-04-05,125.14,125.77,121.57,121.64,904481,AAP
422,2014-04-06,125.14,125.77,121.57,121.64,904481,AAP
423,2014-04-07,121.44,121.66,117.52,118.11,1238919,AAP
424,2014-04-08,118.07,119.46,117.3911,119.16,700188,AAP
425,2014-04-09,120.15,121.7,119.36,121.58,580011,AAP
426,2014-04-10,122.63,124.618,118.61,118.61,702928,AAP
427,2014-04-11,117.29,118.6881,116.15,116.25,823108,AAP
428,2014-04-12,117.29,118.6881,116.15,116.25,823108,AAP
429,2014-04-13,117.29,118.6881,116.15,116.25,823108,AAP
430,2014-04-14,117.25,118.55,115.76,117.2,658965,AAP
431,2014-04-15,117.41,118.49,115.86,117.54,539416,AAP
432,2014-04-16,118.45,119.58,117.76,119.51,542215,AAP
433,2014-04-17,119.48,122.34,119.07,120.84,803370,AAP
434,2014-04-18,119.48,122.34,119.07,120.84,803370,AAP
435,2014-04-19,119.48,122.34,119.07,120.84,803370,AAP
436,2014-04-20,119.48,122.34,119.07,120.84,803370,AAP
437,2014-04-21,120.63,121.524,119.95,121.4,476074,AAP
438,2014-04-22,121.53,125.37,121.53,121.61,1221937,AAP
439,2014-04-23,121.4,123.09,120.56,122.15,591976,AAP
440,2014-04-24,121.85,123.04,120.54,122.34,398814,AAP
441,2014-04-25,121.81,122.29,120.01,120.63,635795,AAP
442,2014-04-26,121.81,122.29,120.01,120.63,635795,AAP
443,2014-04-27,121.81,122.29,120.01,120.63,635795,AAP
444,2014-04-28,121.6,123.23,119.6004,121.44,714026,AAP
445,2014-04-29,121.37,121.37,118.86,119.83,762919,AAP
446,2014-04-30,120.03,121.47,119.405,121.29,671046,AAP
447,2014-05-01,124.07,124.16,120.76,120.98,377776,AAP
448,2014-05-02,121.26,123.03,121.15,121.69,449305,AAP
449,2014-05-03,121.26,123.03,121.15,121.69,449305,AAP
450,2014-05-04,121.26,123.03,121.15,121.69,449305,AAP
451,2014-05-05,120.63,121.7,119.65,121.03,625618,AAP
452,2014-05-06,120.7,121.59200000000001,119.84,120.49,628395,AAP
453,2014-05-07,120.64,121.25,118.51,119.45,555860,AAP
454,2014-05-08,120.02,123.1,119.65,122.46,1001395,AAP
455,2014-05-09,122.43,124.87,122.16,124.56,841955,AAP
456,2014-05-10,122.43,124.87,122.16,124.56,841955,AAP
457,2014-05-11,122.43,124.87,122.16,124.56,841955,AAP
458,2014-05-12,124.79,125.66,124.26,125.25,755224,AAP
459,2014-05-13,125.69,125.69,123.068,123.41,816825,AAP
460,2014-05-14,123.64,124.02,122.16,123.14,1560121,AAP
461,2014-05-15,127.78,128.45,120.13,124.23,2247224,AAP
462,2014-05-16,123.86,123.99,120.21,121.67,1900405,AAP
463,2014-05-17,123.86,123.99,120.21,121.67,1900405,AAP
464,2014-05-18,123.86,123.99,120.21,121.67,1900405,AAP
465,2014-05-19,121.48,123.47,121.31,122.8,784197,AAP
466,2014-05-20,122.79,122.79,121.12,122.11,891140,AAP
467,2014-05-21,122.11,123.02,120.71,122.58,924927,AAP
468,2014-05-22,122.11,123.67,122.11,122.5,638226,AAP
469,2014-05-23,122.98,123.71,122.49,123.24,512717,AAP
470,2014-05-24,122.98,123.71,122.49,123.24,512717,AAP
471,2014-05-25,122.98,123.71,122.49,123.24,512717,AAP
472,2014-05-26,122.98,123.71,122.49,123.24,512717,AAP
473,2014-05-27,124.03,124.03,121.24,121.44,599248,AAP
474,2014-05-28,121.42,121.8,120.0,121.11,529328,AAP
475,2014-05-29,122.11,123.35,121.58,122.31,606770,AAP
476,2014-05-30,122.33,124.3,122.33,124.17,679931,AAP
477,2014-05-31,122.33,124.3,122.33,124.17,679931,AAP
478,2014-06-01,122.33,124.3,122.33,124.17,679931,AAP
479,2014-06-02,124.22,124.49,123.2005,124.47,509710,AAP
480,2014-06-03,123.88,125.815,123.77,125.23,733583,AAP
481,2014-06-04,124.82,126.51,124.73,126.46,418309,AAP
482,2014-06-05,126.53,127.77,126.16,127.43,605604,AAP
483,2014-06-06,127.65,128.65,127.13,128.41,493026,AAP
484,2014-06-07,127.65,128.65,127.13,128.41,493026,AAP
485,2014-06-08,127.65,128.65,127.13,128.41,493026,AAP
486,2014-06-09,128.2,128.97,126.79,127.71,632496,AAP
487,2014-06-10,127.07,127.63,126.21,126.97,519243,AAP
488,2014-06-11,126.53,126.915,125.44,126.14,351183,AAP
489,2014-06-12,125.8,125.914,123.52,124.28,541918,AAP
490,2014-06-13,124.65,124.84,123.36,124.8,439766,AAP
491,2014-06-14,124.65,124.84,123.36,124.8,439766,AAP
492,2014-06-15,124.65,124.84,123.36,124.8,439766,AAP
493,2014-06-16,124.36,125.29,124.15,125.01,443898,AAP
494,2014-06-17,125.01,126.6,125.01,125.95,571175,AAP
495,2014-06-18,126.71,130.51,126.71,129.72,935350,AAP
496,2014-06-19,130.0,130.51,127.33,128.84,620237,AAP
497,2014-06-20,129.4,129.91,127.89,129.8,829234,AAP
498,2014-06-21,129.4,129.91,127.89,129.8,829234,AAP
499,2014-06-22,129.4,129.91,127.89,129.8,829234,AAP
500,2014-06-23,129.7,130.819,129.21,130.67,1376236,AAP
501,2014-06-24,130.67,133.918,130.67,131.66,1509069,AAP
502,2014-06-25,130.98,131.53,128.02,129.85,1124861,AAP
503,2014-06-26,130.3,131.71,130.02,130.53,1157738,AAP
504,2014-06-27,130.5,133.51,130.5,133.48,1337989,AAP
505,2014-06-28,130.5,133.51,130.5,133.48,1337989,AAP
506,2014-06-29,130.5,133.51,130.5,133.48,1337989,AAP
507,2014-06-30,133.67,136.12,132.88,134.92,1476072,AAP
508,2014-07-01,135.86,135.95,134.35,134.53,1085920,AAP
509,2014-07-02,134.27,135.19,133.6,134.25,522313,AAP
510,2014-07-03,135.05,135.202,134.13,134.94,300275,AAP
511,2014-07-04,135.05,135.202,134.13,134.94,300275,AAP
512,2014-07-05,135.05,135.202,134.13,134.94,300275,AAP
513,2014-07-06,135.05,135.202,134.13,134.94,300275,AAP
514,2014-07-07,133.97,135.075,133.8,134.0,431114,AAP
515,2014-07-08,133.99,133.99,131.64,132.27,484253,AAP
516,2014-07-09,132.71,133.61,131.2336,133.58,673362,AAP
517,2014-07-10,132.51,133.92,132.0,133.16,499068,AAP
518,2014-07-11,132.96,133.57,132.49,133.29,484673,AAP
519,2014-07-12,132.96,133.57,132.49,133.29,484673,AAP
520,2014-07-13,132.96,133.57,132.49,133.29,484673,AAP
521,2014-07-14,133.65,135.27,133.65,134.81,731499,AAP
522,2014-07-15,134.25,134.81,132.39,132.64,524044,AAP
523,2014-07-16,133.52,133.52,131.174,131.82,471585,AAP
524,2014-07-17,130.97,131.37,129.73,129.86,480547,AAP
525,2014-07-18,129.92,130.87,128.66,130.47,645430,AAP
526,2014-07-19,129.92,130.87,128.66,130.47,645430,AAP
527,2014-07-20,129.92,130.87,128.66,130.47,645430,AAP
528,2014-07-21,130.31,131.0,128.48,128.55,411256,AAP
529,2014-07-22,128.22,128.34,123.89,124.15,1547891,AAP
530,2014-07-23,124.68,124.93,123.25,123.59,653724,AAP
531,2014-07-24,124.9,127.73,124.2,126.63,1366164,AAP
532,2014-07-25,126.13,126.9099,124.96,125.55,353432,AAP
533,2014-07-26,126.13,126.9099,124.96,125.55,353432,AAP
534,2014-07-27,126.13,126.9099,124.96,125.55,353432,AAP
535,2014-07-28,125.24,125.27,123.8,124.49,495457,AAP
536,2014-07-29,124.52,124.78,122.94,122.96,422221,AAP
537,2014-07-30,123.2,124.5,123.01,124.2,522820,AAP
538,2014-07-31,123.86,124.54,121.03,121.11,891376,AAP
539,2014-08-01,121.72,124.35,121.1701,124.02,819205,AAP
540,2014-08-02,121.72,124.35,121.1701,124.02,819205,AAP
541,2014-08-03,121.72,124.35,121.1701,124.02,819205,AAP
542,2014-08-04,121.72,124.35,121.1701,124.02,819225,AAP
543,2014-08-05,123.58,125.55,122.85,124.41,775417,AAP
544,2014-08-06,123.59,124.51,122.99,122.99,810681,AAP
545,2014-08-07,123.97,124.28,121.63,121.85,567917,AAP
546,2014-08-08,122.3,125.205,121.7,125.11,666841,AAP
547,2014-08-09,122.3,125.205,121.7,125.11,666841,AAP
548,2014-08-10,122.3,125.205,121.7,125.11,666841,AAP
549,2014-08-11,125.81,126.39,124.58,125.25,526792,AAP
550,2014-08-12,125.21,125.59,123.5,124.71,613322,AAP
551,2014-08-13,125.2,125.45,122.681,122.93,1098226,AAP
552,2014-08-14,129.0,132.37,126.25,131.59,2388112,AAP
553,2014-08-15,132.35,133.42,130.88,131.47,1352930,AAP
554,2014-08-16,132.35,133.42,130.88,131.47,1352930,AAP
555,2014-08-17,132.35,133.42,130.88,131.47,1352930,AAP
556,2014-08-18,132.08,133.35,131.875,133.33,678590,AAP
557,2014-08-19,133.41,134.9997,133.34,134.02,796679,AAP
558,2014-08-20,133.94,135.33,133.5,135.14,400169,AAP
559,2014-08-21,135.4,135.99,134.24,134.48,557035,AAP
560,2014-08-22,134.63,135.99,133.9275,135.41,406969,AAP
561,2014-08-23,134.63,135.99,133.9275,135.41,406969,AAP
562,2014-08-24,134.63,135.99,133.9275,135.41,406969,AAP
563,2014-08-25,136.15,136.96,135.61,136.33,432480,AAP
564,2014-08-26,136.13,136.68,135.72,136.06,441264,AAP
565,2014-08-27,136.47,137.53,136.01,137.44,556045,AAP
566,2014-08-28,137.59,138.06,136.28,137.41,628971,AAP
567,2014-08-29,137.43,137.81,135.86,136.42,599273,AAP
568,2014-08-30,137.43,137.81,135.86,136.42,599273,AAP
569,2014-08-31,137.43,137.81,135.86,136.42,599273,AAP
570,2014-09-01,137.43,137.81,135.86,136.42,599273,AAP
571,2014-09-02,137.14,138.75,137.01,137.88,1040071,AAP
572,2014-09-03,138.42,138.97,137.97,138.3,597325,AAP
573,2014-09-04,138.3,139.58,137.95,138.27,439427,AAP
574,2014-09-05,138.01,138.5499,137.05,137.76,532788,AAP
575,2014-09-06,138.01,138.5499,137.05,137.76,532788,AAP
576,2014-09-07,138.01,138.5499,137.05,137.76,532788,AAP
577,2014-09-08,137.47,138.269,136.02,136.8,401707,AAP
578,2014-09-09,136.39,137.085,135.55,135.88,354247,AAP
579,2014-09-10,136.07,136.3,134.56,135.9,402644,AAP
580,2014-09-11,135.01,135.56,133.58,134.42,554758,AAP
581,2014-09-12,134.76,135.24,133.25,133.86,533370,AAP
582,2014-09-13,134.76,135.24,133.25,133.86,533370,AAP
583,2014-09-14,134.76,135.24,133.25,133.86,533370,AAP
584,2014-09-15,133.71,134.76,132.8501,133.99,683959,AAP
585,2014-09-16,133.39,136.47,133.105,135.42,735559,AAP
586,2014-09-17,135.31,136.16,134.28,134.37,361239,AAP
587,2014-09-18,134.43,134.5,133.31,133.62,511637,AAP
588,2014-09-19,133.73,133.73,131.38,131.76,989578,AAP
589,2014-09-20,133.73,133.73,131.38,131.76,989578,AAP
590,2014-09-21,133.73,133.73,131.38,131.76,989578,AAP
591,2014-09-22,131.0,131.14,129.27,130.9,1155541,AAP
592,2014-09-23,130.7,131.28,129.09,129.12,595607,AAP
593,2014-09-24,129.51,130.71,129.0,130.62,439442,AAP
594,2014-09-25,130.62,130.92,128.2,128.2,467710,AAP
595,2014-09-26,128.68,130.37,128.68,130.1,460390,AAP
596,2014-09-27,128.68,130.37,128.68,130.1,460390,AAP
597,2014-09-28,128.68,130.37,128.68,130.1,460390,AAP
598,2014-09-29,128.3,130.94,128.3,130.64,574873,AAP
599,2014-09-30,130.84,131.0899,129.01,130.3,781273,AAP
600,2014-10-01,129.89,131.44,129.08,130.52,1016953,AAP
601,2014-10-02,130.2,133.23,130.03,132.97,944465,AAP
602,2014-10-03,133.76,135.39,132.21,135.13,805994,AAP
603,2014-10-04,133.76,135.39,132.21,135.13,805994,AAP
604,2014-10-05,133.76,135.39,132.21,135.13,805994,AAP
605,2014-10-06,136.34,136.34,134.26,134.42,614552,AAP
606,2014-10-07,134.34,136.1,133.38,133.81,772991,AAP
607,2014-10-08,134.24,136.88,133.74,136.84,904735,AAP
608,2014-10-09,135.72,136.75,133.06,133.99,700605,AAP
609,2014-10-10,133.35,134.88,132.7,132.81,869431,AAP
610,2014-10-11,133.35,134.88,132.7,132.81,869431,AAP
611,2014-10-12,133.35,134.88,132.7,132.81,869431,AAP
612,2014-10-13,133.41,134.2,130.76,130.88,1283466,AAP
613,2014-10-14,131.35,134.05,130.8,133.98,684389,AAP
614,2014-10-15,131.76,134.95,130.14,133.51,1117740,AAP
615,2014-10-16,131.52,134.15,131.4,132.43,1085847,AAP
616,2014-10-17,133.84,136.03,132.69,135.79,718950,AAP
617,2014-10-18,133.84,136.03,132.69,135.79,718950,AAP
618,2014-10-19,133.84,136.03,132.69,135.79,718950,AAP
619,2014-10-20,135.5,139.85,135.49,139.57,900607,AAP
620,2014-10-21,140.85,142.08,140.33,141.02,908291,AAP
621,2014-10-22,141.71,142.2,138.3,138.78,864011,AAP
622,2014-10-23,141.15,143.61,140.64,140.78,1624923,AAP
623,2014-10-24,141.25,142.13,139.475,142.04,958254,AAP
624,2014-10-25,141.25,142.13,139.475,142.04,958254,AAP
625,2014-10-26,141.25,142.13,139.475,142.04,958254,AAP
626,2014-10-27,142.16,144.52,141.86,144.46,464822,AAP
627,2014-10-28,145.0,146.23,143.75,145.78,664309,AAP
628,2014-10-29,146.33,146.33,143.95,145.03,490764,AAP
629,2014-10-30,144.71,146.5,144.71,146.27,579751,AAP
630,2014-10-31,147.25,147.25,145.71,146.96,731391,AAP
631,2014-11-01,147.25,147.25,145.71,146.96,731391,AAP
632,2014-11-02,147.25,147.25,145.71,146.96,731391,AAP
633,2014-11-03,148.16,149.3,147.11,147.76,891492,AAP
634,2014-11-04,147.09,148.75,147.09,148.44,1029203,AAP
635,2014-11-05,149.27,149.835,148.56,149.37,1416444,AAP
636,2014-11-06,138.5,147.5,137.17,145.56,3398592,AAP
637,2014-11-07,145.88,146.575,141.3,141.85,1321012,AAP
638,2014-11-08,145.88,146.575,141.3,141.85,1321012,AAP
639,2014-11-09,145.88,146.575,141.3,141.85,1321012,AAP
640,2014-11-10,142.23,145.18,141.8,145.17,1164740,AAP
641,2014-11-11,145.0,145.39,144.23,144.98,524759,AAP
642,2014-11-12,144.71,146.5,144.71,146.27,579751,AAP
643,2014-11-13,146.45,147.27,145.405,146.0,519427,AAP
644,2014-11-14,146.8,147.61,144.35,144.81,563159,AAP
645,2014-11-15,146.8,147.61,144.35,144.81,563159,AAP
646,2014-11-16,146.8,147.61,144.35,144.81,563159,AAP
647,2014-11-17,145.21,147.03,145.21,145.83,557797,AAP
648,2014-11-18,145.44,146.52,145.44,146.24,736459,AAP
649,2014-11-19,146.0,146.15,144.08,144.74,813099,AAP
650,2014-11-20,144.21,146.25,144.08,145.19,485016,AAP
651,2014-11-21,146.06,146.42,145.44,145.49,522393,AAP
652,2014-11-22,146.06,146.42,145.44,145.49,522393,AAP
653,2014-11-23,146.06,146.42,145.44,145.49,522393,AAP
654,2014-11-24,145.74,146.17,144.12,145.58,585928,AAP
655,2014-11-25,146.0,146.44,143.11,145.45,1001694,AAP
656,2014-11-26,145.86,146.38,144.75,145.71,643978,AAP
657,2014-11-27,145.86,146.38,144.75,145.71,643978,AAP
658,2014-11-28,146.0,148.06,145.67,147.08,682962,AAP
659,2014-11-29,146.0,148.06,145.67,147.08,682962,AAP
660,2014-11-30,146.0,148.06,145.67,147.08,682962,AAP
661,2014-12-01,146.41,147.77,146.13,147.07,1220324,AAP
662,2014-12-02,146.71,148.87,146.55,148.48,1022726,AAP
663,2014-12-03,148.44,152.15,148.36,152.04,1046267,AAP
664,2014-12-04,152.42,153.53,150.66,153.25,806361,AAP
665,2014-12-05,154.21,154.37,152.38,154.18,909340,AAP
666,2014-12-06,154.21,154.37,152.38,154.18,909340,AAP
667,2014-12-07,154.21,154.37,152.38,154.18,909340,AAP
668,2014-12-08,154.89,154.89,152.89,153.68,817216,AAP
669,2014-12-09,152.01,158.65,152.01,158.25,1242193,AAP
670,2014-12-10,158.16,159.12,156.81,157.24,658130,AAP
671,2014-12-11,157.34,161.27,157.34,159.16,807377,AAP
672,2014-12-12,158.92,161.99,158.92,160.25,857534,AAP
673,2014-12-13,158.92,161.99,158.92,160.25,857534,AAP
674,2014-12-14,158.92,161.99,158.92,160.25,857534,AAP
675,2014-12-15,161.7,163.36,160.29,161.01,1343517,AAP
676,2014-12-16,161.0,161.26,156.98,157.01,1159225,AAP
677,2014-12-17,157.28,159.7,155.87,159.55,498188,AAP
678,2014-12-18,161.05,161.56,159.29,160.74,505296,AAP
679,2014-12-19,160.71,161.21200000000002,159.01,159.85,1017913,AAP
680,2014-12-20,160.71,161.21200000000002,159.01,159.85,1017913,AAP
681,2014-12-21,160.71,161.21200000000002,159.01,159.85,1017913,AAP
682,2014-12-22,160.22,160.66,158.79,159.44,510159,AAP
683,2014-12-23,160.51,162.52,160.27,161.19,524904,AAP
684,2014-12-24,161.44,162.4,160.22,160.23,152415,AAP
685,2014-12-25,161.44,162.4,160.22,160.23,152415,AAP
686,2014-12-26,160.28,161.2493,159.86,160.0,307543,AAP
687,2014-12-27,160.28,161.2493,159.86,160.0,307543,AAP
688,2014-12-28,160.28,161.2493,159.86,160.0,307543,AAP
689,2014-12-29,160.18,162.13,159.7407,161.22,417689,AAP
690,2014-12-30,161.21,162.08,160.0,160.03,340338,AAP
691,2014-12-31,160.64,162.694,159.26,159.28,468081,AAP
692,2015-01-01,160.64,162.694,159.26,159.28,468081,AAP
693,2015-01-02,160.85,162.5,157.47,158.56,509983,AAP
694,2015-01-03,160.85,162.5,157.47,158.56,509983,AAP
695,2015-01-04,160.85,162.5,157.47,158.56,509983,AAP
696,2015-01-05,158.17,158.9875,155.9,156.47,803635,AAP
697,2015-01-06,156.56,157.29,153.9,156.36,872305,AAP
698,2015-01-07,157.61,160.61,157.06,159.72,1326774,AAP
699,2015-01-08,163.36,163.46,161.0,161.12,1025714,AAP
700,2015-01-09,159.95,161.62,158.39,160.3,912289,AAP
701,2015-01-10,159.95,161.62,158.39,160.3,912289,AAP
702,2015-01-11,159.95,161.62,158.39,160.3,912289,AAP
703,2015-01-12,160.13,160.41,158.22,158.93,756863,AAP
704,2015-01-13,159.62,160.72,152.3312,153.76,824658,AAP
705,2015-01-14,151.9,153.16,149.38,150.83,719438,AAP
706,2015-01-15,151.17,151.86,147.83,148.02,926449,AAP
707,2015-01-16,148.0,150.2,147.2001,150.0,776897,AAP
708,2015-01-17,148.0,150.2,147.2001,150.0,776897,AAP
709,2015-01-18,148.0,150.2,147.2001,150.0,776897,AAP
710,2015-01-19,148.0,150.2,147.2001,150.0,776897,AAP
711,2015-01-20,150.04,152.75,148.45,152.66,941819,AAP
712,2015-01-21,152.49,154.085,152.07,153.35,711194,AAP
713,2015-01-22,154.4,157.62,153.9,156.54,738829,AAP
714,2015-01-23,156.99,158.05,154.64,155.78,685651,AAP
715,2015-01-24,156.99,158.05,154.64,155.78,685651,AAP
716,2015-01-25,156.99,158.05,154.64,155.78,685651,AAP
717,2015-01-26,155.75,159.25,155.75,159.23,615311,AAP
718,2015-01-27,158.09,159.525,156.87,159.03,541099,AAP
719,2015-01-28,159.49,161.13,158.52,159.3,1149815,AAP
720,2015-01-29,159.69,160.98,157.58,160.26,561313,AAP
721,2015-01-30,159.56,160.98,157.4,159.0,830486,AAP
722,2015-01-31,159.56,160.98,157.4,159.0,830486,AAP
723,2015-02-01,159.56,160.98,157.4,159.0,830486,AAP
724,2015-02-02,159.0,159.47,153.29,155.97,820098,AAP
725,2015-02-03,157.21,157.35,154.47,157.07,572597,AAP
726,2015-02-04,156.76,157.27,154.52,156.47,744977,AAP
727,2015-02-05,157.74,160.66,156.79,160.16,1294215,AAP
728,2015-02-06,160.4,162.43,160.22,162.0,863801,AAP
729,2015-02-07,160.4,162.43,160.22,162.0,863801,AAP
730,2015-02-08,160.4,162.43,160.22,162.0,863801,AAP
731,2015-02-09,161.62,161.76,159.07,160.74,1064157,AAP
732,2015-02-10,160.82,163.23,160.79,162.9,684595,AAP
733,2015-02-11,163.5,164.9997,161.54,162.39,1206950,AAP
734,2015-02-12,155.0,157.075,150.95,151.42,4046068,AAP
735,2015-02-13,151.02,151.83,149.2,150.16,2117562,AAP
736,2015-02-14,151.02,151.83,149.2,150.16,2117562,AAP
737,2015-02-15,151.02,151.83,149.2,150.16,2117562,AAP
738,2015-02-16,151.02,151.83,149.2,150.16,2117562,AAP
739,2015-02-17,149.91,151.38,148.86,150.23,1564383,AAP
740,2015-02-18,149.65,153.6,148.5,153.22,1789198,AAP
741,2015-02-19,153.18,154.94799999999998,152.46,153.27,1149733,AAP
742,2015-02-20,152.64,155.14,151.82,155.06,928910,AAP
743,2015-02-21,152.64,155.14,151.82,155.06,928910,AAP
744,2015-02-22,152.64,155.14,151.82,155.06,928910,AAP
745,2015-02-23,155.59,157.21,154.71,157.18,853683,AAP
746,2015-02-24,157.35,157.7,155.3,156.4,643245,AAP
747,2015-02-25,156.5,156.57,155.5,156.25,397548,AAP
748,2015-02-26,156.25,156.7099,155.225,155.38,493216,AAP
749,2015-02-27,155.74,156.24,154.63,154.93,718451,AAP
750,2015-02-28,155.74,156.24,154.63,154.93,718451,AAP
751,2015-03-01,155.74,156.24,154.63,154.93,718451,AAP
752,2015-03-02,154.71,155.41,153.93,154.77,909090,AAP
753,2015-03-03,155.39,156.6,153.5,154.47,718061,AAP
754,2015-03-04,153.97,153.97,150.44,150.83,869807,AAP
755,2015-03-05,151.82,153.23,150.93,152.52,753245,AAP
756,2015-03-06,151.71,152.96,148.47,149.07,1711064,AAP
757,2015-03-07,151.71,152.96,148.47,149.07,1711064,AAP
758,2015-03-08,151.71,152.96,148.47,149.07,1711064,AAP
759,2015-03-09,149.0,149.51,147.75,148.29,839309,AAP
760,2015-03-10,146.8,147.65,145.1,146.53,1291542,AAP
761,2015-03-11,146.97,147.72,145.61,147.33,703890,AAP
762,2015-03-12,146.88,150.23,146.88,149.32,778450,AAP
763,2015-03-13,149.2,150.4,146.58,149.61,674582,AAP
764,2015-03-14,149.2,150.4,146.58,149.61,674582,AAP
765,2015-03-15,149.2,150.4,146.58,149.61,674582,AAP
766,2015-03-16,149.96,151.23,149.49,151.12,679887,AAP
767,2015-03-17,151.02,151.69,149.83,150.0,531896,AAP
768,2015-03-18,149.56,149.71,147.01,149.03,715551,AAP
769,2015-03-19,149.06,149.42,147.42,149.19,912481,AAP
770,2015-03-20,149.4,152.29,148.48,151.91,1563045,AAP
771,2015-03-21,149.4,152.29,148.48,151.91,1563045,AAP
772,2015-03-22,149.4,152.29,148.48,151.91,1563045,AAP
773,2015-03-23,151.06,152.22,149.49,149.51,1037234,AAP
774,2015-03-24,148.9,151.91,148.15,151.01,688538,AAP
775,2015-03-25,150.87,152.18,148.62,148.73,715091,AAP
776,2015-03-26,147.63,150.33,146.7,149.41,828273,AAP
777,2015-03-27,149.67,152.13,149.35,151.39,858800,AAP
778,2015-03-28,149.67,152.13,149.35,151.39,858800,AAP
779,2015-03-29,149.67,152.13,149.35,151.39,858800,AAP
780,2015-03-30,152.29,153.27,151.2,152.08,608165,AAP
781,2015-03-31,151.8,152.57,149.48,149.69,887737,AAP
782,2015-04-01,147.78,148.845,143.45,143.75,2423428,AAP
783,2015-04-02,143.95,145.645,143.02,143.98,1529960,AAP
784,2015-04-03,143.95,145.645,143.02,143.98,1529960,AAP
785,2015-04-04,143.95,145.645,143.02,143.98,1529960,AAP
786,2015-04-05,143.95,145.645,143.02,143.98,1529960,AAP
787,2015-04-06,143.77,147.26,143.34,145.73,1150930,AAP
788,2015-04-07,146.05,147.1,145.79,146.71,796969,AAP
789,2015-04-08,146.96,148.84,146.36,148.81,770690,AAP
790,2015-04-09,148.31,149.23,146.99,148.05,646873,AAP
791,2015-04-10,148.67,150.53,147.57,150.2,587907,AAP
792,2015-04-11,148.67,150.53,147.57,150.2,587907,AAP
793,2015-04-12,148.67,150.53,147.57,150.2,587907,AAP
794,2015-04-13,149.97,150.75,148.92,149.18,376552,AAP
795,2015-04-14,148.77,150.19,147.63,149.05,731664,AAP
796,2015-04-15,149.45,150.401,148.56,149.58,578292,AAP
797,2015-04-16,149.13,151.31,148.32,150.0,716681,AAP
798,2015-04-17,149.01,149.8,147.93,149.8,795672,AAP
799,2015-04-18,149.01,149.8,147.93,149.8,795672,AAP
800,2015-04-19,149.01,149.8,147.93,149.8,795672,AAP
801,2015-04-20,149.83,152.53,149.83,152.4,890133,AAP
802,2015-04-21,153.28,154.66,152.18,152.4,898830,AAP
803,2015-04-22,152.23,152.61,150.5,151.51,1189374,AAP
804,2015-04-23,153.65,153.98,146.54,146.69,1865051,AAP
805,2015-04-24,144.82,148.74,143.2,148.61,1441627,AAP
806,2015-04-25,144.82,148.74,143.2,148.61,1441627,AAP
807,2015-04-26,144.82,148.74,143.2,148.61,1441627,AAP
808,2015-04-27,148.99,148.99,144.54,144.99,905724,AAP
809,2015-04-28,145.0,145.23,143.0,144.5,795335,AAP
810,2015-04-29,144.5,145.18,143.51,144.66,707881,AAP
811,2015-04-30,144.43,145.21,142.9,143.0,1269152,AAP
812,2015-05-01,143.09,145.46,142.63,145.34,596335,AAP
813,2015-05-02,143.09,145.46,142.63,145.34,596335,AAP
814,2015-05-03,143.09,145.46,142.63,145.34,596335,AAP
815,2015-05-04,145.25,146.15,144.95,145.45,675943,AAP
816,2015-05-05,145.45,145.73,143.42,143.99,680113,AAP
817,2015-05-06,144.32,144.84,143.0,144.09,591724,AAP
818,2015-05-07,144.39,145.84,143.89,144.53,782529,AAP
819,2015-05-08,145.46,147.0,144.37,144.76,579694,AAP
820,2015-05-09,145.46,147.0,144.37,144.76,579694,AAP
821,2015-05-10,145.46,147.0,144.37,144.76,579694,AAP
822,2015-05-11,144.98,146.45,144.1,145.51,348213,AAP
823,2015-05-12,144.74,147.17,144.1,147.13,807362,AAP
824,2015-05-13,147.0,149.49,146.63,149.38,1286064,AAP
825,2015-05-14,150.0,151.215,148.75,149.86,979890,AAP
826,2015-05-15,149.57,151.84,149.52,151.62,840057,AAP
827,2015-05-16,149.57,151.84,149.52,151.62,840057,AAP
828,2015-05-17,149.57,151.84,149.52,151.62,840057,AAP
829,2015-05-18,150.99,153.125,150.85,151.88,2099333,AAP
830,2015-05-19,152.65,154.84,151.98,152.94,1096306,AAP
831,2015-05-20,152.76,153.97,149.9,149.9,1581913,AAP
832,2015-05-21,144.19,160.9,143.0,157.5,4243659,AAP
833,2015-05-22,157.42,161.55,156.73,160.2,2200971,AAP
834,2015-05-23,157.42,161.55,156.73,160.2,2200971,AAP
835,2015-05-24,157.42,161.55,156.73,160.2,2200971,AAP
836,2015-05-25,157.42,161.55,156.73,160.2,2200971,AAP
837,2015-05-26,160.07,160.82,157.44,158.0,1120856,AAP
838,2015-05-27,158.29,158.8,156.51,157.22,870790,AAP
839,2015-05-28,157.25,158.05,155.63,156.35,643706,AAP
840,2015-05-29,155.31,155.69,153.19,153.22,1032745,AAP
841,2015-05-30,155.31,155.69,153.19,153.22,1032745,AAP
842,2015-05-31,155.31,155.69,153.19,153.22,1032745,AAP
843,2015-06-01,154.28,154.89,152.71,153.32,764135,AAP
844,2015-06-02,153.26,155.42,152.2,155.36,976665,AAP
845,2015-06-03,155.72,156.83,154.8101,156.53,997998,AAP
846,2015-06-04,155.73,157.1,155.545,156.6,579850,AAP
847,2015-06-05,156.27,157.86,156.03,157.39,672610,AAP
848,2015-06-06,156.27,157.86,156.03,157.39,672610,AAP
849,2015-06-07,156.27,157.86,156.03,157.39,672610,AAP
850,2015-06-08,157.25,157.85,156.59,157.31,924514,AAP
851,2015-06-09,156.4,158.54,156.245,157.42,1012156,AAP
852,2015-06-10,158.55,160.65,157.54,160.27,1170105,AAP
853,2015-06-11,160.31,161.08,159.68,160.53,462429,AAP
854,2015-06-12,160.29,161.65,159.98,161.21,438503,AAP
855,2015-06-13,160.29,161.65,159.98,161.21,438503,AAP
856,2015-06-14,160.29,161.65,159.98,161.21,438503,AAP
857,2015-06-15,160.12,160.68,158.12,158.32,600812,AAP
858,2015-06-16,158.41,159.59,157.87,159.05,524097,AAP
859,2015-06-17,159.12,160.67,157.65,158.99,688562,AAP
860,2015-06-18,159.67,160.78,159.13,160.25,470820,AAP
861,2015-06-19,159.64,161.94,159.49,160.5,649737,AAP
862,2015-06-20,159.64,161.94,159.49,160.5,649737,AAP
863,2015-06-21,159.64,161.94,159.49,160.5,649737,AAP
864,2015-06-22,161.02,163.505,160.33,163.26,879679,AAP
865,2015-06-23,163.71,165.0,163.04,163.89,560272,AAP
866,2015-06-24,164.0,164.72,162.7,163.42,491248,AAP
867,2015-06-25,163.46,164.59,162.97,164.2,653350,AAP
868,2015-06-26,164.98,165.16,163.48,164.28,858630,AAP
869,2015-06-27,164.98,165.16,163.48,164.28,858630,AAP
870,2015-06-28,164.98,165.16,163.48,164.28,858630,AAP
871,2015-06-29,163.08,163.08,158.81,158.93,516328,AAP
872,2015-06-30,160.41,160.73,158.03,159.29,789623,AAP
873,2015-07-01,160.59,162.85,160.31,162.65,675400,AAP
874,2015-07-02,163.58,164.3,161.18,162.11,414449,AAP
875,2015-07-03,163.58,164.3,161.18,162.11,414449,AAP
876,2015-07-04,163.58,164.3,161.18,162.11,414449,AAP
877,2015-07-05,163.58,164.3,161.18,162.11,414449,AAP
878,2015-07-06,161.37,164.42,161.22,163.42,618231,AAP
879,2015-07-07,164.74,165.2,161.68,163.53,1345367,AAP
880,2015-07-08,162.63,163.82,159.12,159.99,14312381,AAP
881,2015-07-09,161.29,162.66,160.685,162.07,1909234,AAP
882,2015-07-10,163.95,164.98,162.96,164.11,505994,AAP
883,2015-07-11,163.95,164.98,162.96,164.11,505994,AAP
884,2015-07-12,163.95,164.98,162.96,164.11,505994,AAP
885,2015-07-13,165.05,169.33,164.975,169.31,1609187,AAP
886,2015-07-14,169.39,169.9,167.06,167.21,829151,AAP
887,2015-07-15,167.21,169.13400000000001,166.46,168.47,645519,AAP
888,2015-07-16,168.91,169.82,168.27,169.36,572571,AAP
889,2015-07-17,169.07,169.865,168.06,169.7,522783,AAP
890,2015-07-18,169.07,169.865,168.06,169.7,522783,AAP
891,2015-07-19,169.07,169.865,168.06,169.7,522783,AAP
892,2015-07-20,169.7,170.0,168.24,168.69,480645,AAP
893,2015-07-21,168.54,168.93,166.55,167.53,525652,AAP
894,2015-07-22,167.48,169.84,166.842,168.22,1012995,AAP
895,2015-07-23,169.05,171.09,168.25,168.39,590109,AAP
896,2015-07-24,168.66,170.06,167.8,168.31,529511,AAP
897,2015-07-25,168.66,170.06,167.8,168.31,529511,AAP
898,2015-07-26,168.66,170.06,167.8,168.31,529511,AAP
899,2015-07-27,167.53,169.18,166.5,168.34,586374,AAP
900,2015-07-28,169.08,170.74,167.69,170.3,411133,AAP
901,2015-07-29,170.65,173.61,169.88,173.06,838014,AAP
902,2015-07-30,172.98,173.68,170.91,172.54,509711,AAP
903,2015-07-31,173.44,175.0,172.06,174.21,644350,AAP
904,2015-08-01,173.44,175.0,172.06,174.21,644350,AAP
905,2015-08-02,173.44,175.0,172.06,174.21,644350,AAP
906,2015-08-03,174.93,175.11,172.22,173.81,472405,AAP
907,2015-08-04,174.3,176.1,173.7,175.1,475183,AAP
908,2015-08-05,175.52,177.22,174.09,175.27,810518,AAP
909,2015-08-06,175.59,175.775,171.36,172.74,596808,AAP
910,2015-08-07,172.76,174.03,171.54,173.75,534467,AAP
911,2015-08-08,172.76,174.03,171.54,173.75,534467,AAP
912,2015-08-09,172.76,174.03,171.54,173.75,534467,AAP
913,2015-08-10,174.87,175.32,172.92,173.66,937510,AAP
914,2015-08-11,172.74,173.73,171.56,171.92,2068287,AAP
915,2015-08-12,170.69,172.58,169.4,172.0,2967607,AAP
916,2015-08-13,173.9,192.27,173.0,187.79,3745812,AAP
917,2015-08-14,188.49,190.135,186.76,187.03,1252677,AAP
918,2015-08-15,188.49,190.135,186.76,187.03,1252677,AAP
919,2015-08-16,188.49,190.135,186.76,187.03,1252677,AAP
920,2015-08-17,187.24,188.06,183.12,184.69,1580603,AAP
921,2015-08-18,186.22,186.27,183.59,185.77,1508093,AAP
922,2015-08-19,185.28,188.5,184.39,187.84,912512,AAP
923,2015-08-20,187.48,187.65,184.37,184.45,592629,AAP
924,2015-08-21,182.13,183.93,177.23,177.54,1392647,AAP
925,2015-08-22,182.13,183.93,177.23,177.54,1392647,AAP
926,2015-08-23,182.13,183.93,177.23,177.54,1392647,AAP
927,2015-08-24,173.26,178.695,151.3,173.75,1464478,AAP
928,2015-08-25,177.49,179.13,171.14,171.22,1043998,AAP
929,2015-08-26,173.94,174.47,169.13,171.46,2016385,AAP
930,2015-08-27,172.81,176.3,172.25,176.23,1591612,AAP
931,2015-08-28,175.5,176.83,174.66,176.48,642415,AAP
932,2015-08-29,175.5,176.83,174.66,176.48,642415,AAP
933,2015-08-30,175.5,176.83,174.66,176.48,642415,AAP
934,2015-08-31,175.91,176.99,174.3,175.25,950044,AAP
935,2015-09-01,172.53,173.92,171.47,172.62,803725,AAP
936,2015-09-02,173.72,176.11,172.77,175.25,444381,AAP
937,2015-09-03,175.17,177.04,172.7,173.24,728404,AAP
938,2015-09-04,171.82,173.41,170.96,172.13,687693,AAP
939,2015-09-05,171.82,173.41,170.96,172.13,687693,AAP
940,2015-09-06,171.82,173.41,170.96,172.13,687693,AAP
941,2015-09-07,171.82,173.41,170.96,172.13,687693,AAP
942,2015-09-08,174.73,176.33,171.9,175.32,618171,AAP
943,2015-09-09,176.1,178.4,174.35,174.92,1024639,AAP
944,2015-09-10,174.39,176.7,173.1,174.88,885607,AAP
945,2015-09-11,173.71,175.45,172.8,174.84,1123618,AAP
946,2015-09-12,173.71,175.45,172.8,174.84,1123618,AAP
947,2015-09-13,173.71,175.45,172.8,174.84,1123618,AAP
948,2015-09-14,175.1,176.04,173.48,175.0,556411,AAP
949,2015-09-15,175.03,177.84,173.35,176.85,822497,AAP
950,2015-09-16,175.92,178.99,175.41,178.59,601210,AAP
951,2015-09-17,178.39,181.03,177.53,178.28,768226,AAP
952,2015-09-18,176.4,177.59,173.3,173.7,922408,AAP
953,2015-09-19,176.4,177.59,173.3,173.7,922408,AAP
954,2015-09-20,176.4,177.59,173.3,173.7,922408,AAP
955,2015-09-21,174.32,175.65,173.04,174.75,454146,AAP
956,2015-09-22,173.68,175.0,172.54,174.44,662527,AAP
957,2015-09-23,174.36,176.08,173.955,175.87,315748,AAP
958,2015-09-24,175.19,175.19,173.61700000000002,174.8,427191,AAP
959,2015-09-25,175.84,178.76,175.6,176.84,481936,AAP
960,2015-09-26,175.84,178.76,175.6,176.84,481936,AAP
961,2015-09-27,175.84,178.76,175.6,176.84,481936,AAP
962,2015-09-28,176.53,177.77,171.28,171.4,1023291,AAP
963,2015-09-29,171.27,172.31,169.4,170.53,904260,AAP
964,2015-09-30,183.49,192.5,183.48,189.53,4119661,AAP
965,2015-10-01,190.28,192.64,188.1,192.04,1586978,AAP
966,2015-10-02,189.81,192.02,188.03,191.69,1280170,AAP
967,2015-10-03,189.81,192.02,188.03,191.69,1280170,AAP
968,2015-10-04,189.81,192.02,188.03,191.69,1280170,AAP
969,2015-10-05,193.56,194.61,189.42,191.17,887649,AAP
970,2015-10-06,191.34,192.44,189.399,191.1,543355,AAP
971,2015-10-07,191.4,192.18,188.91,190.35,994442,AAP
972,2015-10-08,190.4,191.15,186.46,187.35,986809,AAP
973,2015-10-09,186.88,189.91,186.13,189.52,785639,AAP
974,2015-10-10,186.88,189.91,186.13,189.52,785639,AAP
975,2015-10-11,186.88,189.91,186.13,189.52,785639,AAP
976,2015-10-12,189.75,192.46,188.9001,191.28,942499,AAP
977,2015-10-13,190.85,191.85,189.65,190.85,503241,AAP
978,2015-10-14,190.45,191.0,185.16,187.07,849135,AAP
979,2015-10-15,188.07,190.87,187.63,190.55,607848,AAP
980,2015-10-16,191.84,191.94,189.81,190.8,627409,AAP
981,2015-10-17,191.84,191.94,189.81,190.8,627409,AAP
982,2015-10-18,191.84,191.94,189.81,190.8,627409,AAP
983,2015-10-19,190.78,192.03,189.79,191.4,726352,AAP
984,2015-10-20,191.78,194.305,191.5,193.59,774254,AAP
985,2015-10-21,194.5,196.085,191.75,192.15,617573,AAP
986,2015-10-22,192.89,193.9,191.28,191.87,705921,AAP
987,2015-10-23,193.71,193.79,189.0,191.94,571665,AAP
988,2015-10-24,193.71,193.79,189.0,191.94,571665,AAP
989,2015-10-25,193.71,193.79,189.0,191.94,571665,AAP
990,2015-10-26,192.82,194.19,191.885,192.45,500139,AAP
991,2015-10-27,192.25,193.89,191.382,193.27,416695,AAP
992,2015-10-28,194.01,194.67,192.3,194.28,384618,AAP
993,2015-10-29,194.64,198.57,194.4,197.48,727722,AAP
994,2015-10-30,197.66,199.39,196.51,198.43,732021,AAP
995,2015-10-31,197.66,199.39,196.51,198.43,732021,AAP
996,2015-11-01,197.66,199.39,196.51,198.43,732021,AAP
997,2015-11-02,199.14,201.17,197.98,200.38,728521,AAP
998,2015-11-03,200.15,200.64,196.64,198.7,674656,AAP
999,2015-11-04,198.77,199.79,196.8,199.34,692584,AAP
1000,2015-11-05,199.96,201.21,198.16,200.34,712013,AAP
1001,2015-11-06,201.24,201.24,197.07,198.72,684117,AAP
1002,2015-11-07,201.24,201.24,197.07,198.72,684117,AAP
1003,2015-11-08,201.24,201.24,197.07,198.72,684117,AAP
1004,2015-11-09,198.71,198.88,193.76,194.9,865780,AAP
1005,2015-11-10,193.77,196.12,193.77,194.11,1379738,AAP
1006,2015-11-11,194.37,196.07,193.38,194.67,1315822,AAP
1007,2015-11-12,173.75,177.0,164.23,164.64,6955577,AAP
1008,2015-11-13,163.31,165.33,161.19,161.62,3092729,AAP
1009,2015-11-14,163.31,165.33,161.19,161.62,3092729,AAP
1010,2015-11-15,163.31,165.33,161.19,161.62,3092729,AAP
1011,2015-11-16,161.0,164.53799999999998,159.69,164.22,1494074,AAP
1012,2015-11-17,165.09,167.22,162.53,164.09,1170997,AAP
1013,2015-11-18,164.37,164.67,162.6,164.44,784765,AAP
1014,2015-11-19,164.19,165.27,162.22,162.37,684246,AAP
1015,2015-11-20,162.86,165.1,162.55,162.82,733429,AAP
1016,2015-11-21,162.86,165.1,162.55,162.82,733429,AAP
1017,2015-11-22,162.86,165.1,162.55,162.82,733429,AAP
1018,2015-11-23,162.68,164.5,161.5,162.62,895911,AAP
1019,2015-11-24,160.82,163.86,160.82,163.19,754505,AAP
1020,2015-11-25,164.0,167.07,163.65,164.3,919310,AAP
1021,2015-11-26,164.0,167.07,163.65,164.3,919310,AAP
1022,2015-11-27,164.88,164.88,162.83,164.84,293399,AAP
1023,2015-11-28,164.88,164.88,162.83,164.84,293399,AAP
1024,2015-11-29,164.88,164.88,162.83,164.84,293399,AAP
1025,2015-11-30,164.69,164.75,162.61,162.73,1329331,AAP
1026,2015-12-01,162.99,163.98,161.17,162.34,952971,AAP
1027,2015-12-02,162.21,163.22,157.09,157.93,1331781,AAP
1028,2015-12-03,158.1,159.23,153.25,154.78,1320540,AAP
1029,2015-12-04,155.06,156.33,154.18,155.83,996339,AAP
1030,2015-12-05,155.06,156.33,154.18,155.83,996339,AAP
1031,2015-12-06,155.06,156.33,154.18,155.83,996339,AAP
1032,2015-12-07,155.68,156.9,150.62,151.22,1358456,AAP
1033,2015-12-08,150.61,153.08,149.0,149.88,1485523,AAP
1034,2015-12-09,149.75,156.26,149.65,153.21,1699878,AAP
1035,2015-12-10,153.17,154.23,150.33,151.76,1027742,AAP
1036,2015-12-11,149.22,150.83,147.79,148.85,1012935,AAP
1037,2015-12-12,149.22,150.83,147.79,148.85,1012935,AAP
1038,2015-12-13,149.22,150.83,147.79,148.85,1012935,AAP
1039,2015-12-14,148.73,150.35,145.89,147.61,986478,AAP
1040,2015-12-15,148.35,164.25,144.73,156.17,5660269,AAP
1041,2015-12-16,159.0,162.0,157.01,160.82,2638899,AAP
1042,2015-12-17,161.13,161.9,153.0,153.07,1732945,AAP
1043,2015-12-18,151.2,153.27,149.4101,149.57,2221597,AAP
1044,2015-12-19,151.2,153.27,149.4101,149.57,2221597,AAP
1045,2015-12-20,151.2,153.27,149.4101,149.57,2221597,AAP
1046,2015-12-21,150.81,151.49,148.25,149.65,1131479,AAP
1047,2015-12-22,150.11,150.49,147.28,147.83,869764,AAP
1048,2015-12-23,148.43,150.05,146.56,149.06,1426288,AAP
1049,2015-12-24,148.28,150.32,148.27,149.13,381698,AAP
1050,2015-12-25,148.28,150.32,148.27,149.13,381698,AAP
1051,2015-12-26,148.28,150.32,148.27,149.13,381698,AAP
1052,2015-12-27,148.28,150.32,148.27,149.13,381698,AAP
1053,2015-12-28,148.44,150.92,148.14,150.55,710618,AAP
1054,2015-12-29,151.73,153.0,151.29,152.2,572769,AAP
1055,2015-12-30,152.2,153.07,151.18,151.4,453898,AAP
1056,2015-12-31,151.26,151.935,150.45,150.51,766685,AAP
1057,2016-01-01,151.26,151.935,150.45,150.51,766685,AAP
1058,2016-01-02,151.26,151.935,150.45,150.51,766685,AAP
1059,2016-01-03,151.26,151.935,150.45,150.51,766685,AAP
1060,2016-01-04,149.25,154.48,147.51,152.24,1935307,AAP
1061,2016-01-05,152.35,153.79,149.89,151.2,1127677,AAP
1062,2016-01-06,149.68,150.05,145.78,147.2,1048419,AAP
1063,2016-01-07,144.8,149.4599,143.13,148.83,1343674,AAP
1064,2016-01-08,149.03,149.44,144.871,145.56,1030364,AAP
1065,2016-01-09,149.03,149.44,144.871,145.56,1030364,AAP
1066,2016-01-10,149.03,149.44,144.871,145.56,1030364,AAP
1067,2016-01-11,146.13,148.12,145.06,147.05,1114366,AAP
1068,2016-01-12,147.52,148.97,145.735,148.07,1045448,AAP
1069,2016-01-13,148.34,148.89,141.76,142.16,1336041,AAP
1070,2016-01-14,142.18,143.0,139.16,141.32,1121194,AAP
1071,2016-01-15,138.03,144.705,137.66,144.29,1333072,AAP
1072,2016-01-16,138.03,144.705,137.66,144.29,1333072,AAP
1073,2016-01-17,138.03,144.705,137.66,144.29,1333072,AAP
1074,2016-01-18,138.03,144.705,137.66,144.29,1333072,AAP
1075,2016-01-19,145.09,146.442,142.9,144.62,1183962,AAP
1076,2016-01-20,142.58,145.11,139.405,143.39,616735,AAP
1077,2016-01-21,143.24,146.39,142.27,143.8,706825,AAP
1078,2016-01-22,144.94,145.85,142.59,144.43,990392,AAP
1079,2016-01-23,144.94,145.85,142.59,144.43,990392,AAP
1080,2016-01-24,144.94,145.85,142.59,144.43,990392,AAP
1081,2016-01-25,144.99,146.33,143.24,144.72,853747,AAP
1082,2016-01-26,145.44,152.71,144.76,151.47,1156110,AAP
1083,2016-01-27,151.15,154.06,150.18,151.52,988265,AAP
1084,2016-01-28,152.96,153.7,145.67,148.56,1002058,AAP
1085,2016-01-29,149.87,152.23,148.18,152.05,1255571,AAP
1086,2016-01-30,149.87,152.23,148.18,152.05,1255571,AAP
1087,2016-01-31,149.87,152.23,148.18,152.05,1255571,AAP
1088,2016-02-01,151.7,156.34,150.68,154.89,862905,AAP
1089,2016-02-02,154.38,154.94,150.67,151.86,713105,AAP
1090,2016-02-03,151.58,152.95,146.02,147.94,1513607,AAP
1091,2016-02-04,147.46,148.44,145.48,147.85,1573505,AAP
1092,2016-02-05,147.54,147.96,143.44,143.94,1284245,AAP
1093,2016-02-06,147.54,147.96,143.44,143.94,1284245,AAP
1094,2016-02-07,147.54,147.96,143.44,143.94,1284245,AAP
1095,2016-02-08,142.77,143.1,136.06,141.45,2109895,AAP
1096,2016-02-09,141.15,143.64,139.13,141.5,1239814,AAP
1097,2016-02-10,141.13,143.5,138.41,138.57,2203727,AAP
1098,2016-02-11,137.04,142.77,131.59,138.41,2575686,AAP
1099,2016-02-12,139.54,141.4,137.19,140.77,974825,AAP
1100,2016-02-13,139.54,141.4,137.19,140.77,974825,AAP
1101,2016-02-14,139.54,141.4,137.19,140.77,974825,AAP
1102,2016-02-15,139.54,141.4,137.19,140.77,974825,AAP
1103,2016-02-16,142.04,148.97,141.18,146.0,1315379,AAP
1104,2016-02-17,147.17,149.01,142.99,143.41,1471114,AAP
1105,2016-02-18,142.35,144.84,140.56,143.32,1068026,AAP
1106,2016-02-19,143.52,145.09,141.35,143.63,949401,AAP
1107,2016-02-20,143.52,145.09,141.35,143.63,949401,AAP
1108,2016-02-21,143.52,145.09,141.35,143.63,949401,AAP
1109,2016-02-22,145.25,148.47,145.025,147.87,904013,AAP
1110,2016-02-23,148.44,151.34,147.37,147.55,698270,AAP
1111,2016-02-24,147.34,150.62,145.47,150.42,625069,AAP
1112,2016-02-25,150.8,151.49,147.05,150.08,639872,AAP
1113,2016-02-26,150.6,151.38,148.41,150.05,589473,AAP
1114,2016-02-27,150.6,151.38,148.41,150.05,589473,AAP
1115,2016-02-28,150.6,151.38,148.41,150.05,589473,AAP
1116,2016-02-29,150.0,151.06,148.38,148.44,862224,AAP
1117,2016-03-01,149.92,153.54,149.295,153.35,622094,AAP
1118,2016-03-02,152.44,153.82,151.325,152.17,659355,AAP
1119,2016-03-03,151.34,154.2,149.87,153.88,785641,AAP
1120,2016-03-04,154.07,154.27,151.17,152.37,725580,AAP
1121,2016-03-05,154.07,154.27,151.17,152.37,725580,AAP
1122,2016-03-06,154.07,154.27,151.17,152.37,725580,AAP
1123,2016-03-07,151.37,152.87,150.38,151.52,481410,AAP
1124,2016-03-08,150.59,152.65,149.17,149.68,1016224,AAP
1125,2016-03-09,150.98,154.09,149.75,153.77,627985,AAP
1126,2016-03-10,153.8,156.2899,153.54,156.15,765248,AAP
1127,2016-03-11,156.84,159.1575,155.97,158.57,963397,AAP
1128,2016-03-12,156.84,159.1575,155.97,158.57,963397,AAP
1129,2016-03-13,156.84,159.1575,155.97,158.57,963397,AAP
1130,2016-03-14,157.53,160.14,157.35,159.34,665987,AAP
1131,2016-03-15,158.27,160.06,157.29,158.52,830338,AAP
1132,2016-03-16,158.46,160.16,157.02,158.96,486756,AAP
1133,2016-03-17,157.78,158.84,156.3,157.94,580280,AAP
1134,2016-03-18,158.27,158.5,156.66,157.47,854195,AAP
1135,2016-03-19,158.27,158.5,156.66,157.47,854195,AAP
1136,2016-03-20,158.27,158.5,156.66,157.47,854195,AAP
1137,2016-03-21,157.48,158.75,157.38,158.61,389585,AAP
1138,2016-03-22,157.98,159.27,157.47,158.19,404188,AAP
1139,2016-03-23,158.23,161.92,157.53,161.09,776392,AAP
1140,2016-03-24,160.99,162.04,159.95,161.82,845993,AAP
1141,2016-03-25,160.99,162.04,159.95,161.82,845993,AAP
1142,2016-03-26,160.99,162.04,159.95,161.82,845993,AAP
1143,2016-03-27,160.99,162.04,159.95,161.82,845993,AAP
1144,2016-03-28,161.43,162.875,159.39,161.76,638214,AAP
1145,2016-03-29,161.59,163.08,160.43,163.03,663319,AAP
1146,2016-03-30,162.36,165.99,162.36,163.79,788618,AAP
1147,2016-03-31,162.48,162.71,160.25,160.34,1037253,AAP
1148,2016-04-01,160.41,160.98,159.3301,160.42,684809,AAP
1149,2016-04-02,160.41,160.98,159.3301,160.42,684809,AAP
1150,2016-04-03,160.41,160.98,159.3301,160.42,684809,AAP
1151,2016-04-04,161.21,164.135,157.56,159.23,1041033,AAP
1152,2016-04-05,158.5,160.9,158.1,160.47,724779,AAP
1153,2016-04-06,160.9,161.07,158.18,159.88,694976,AAP
1154,2016-04-07,158.86,159.53,155.13,155.83,580881,AAP
1155,2016-04-08,157.0,157.29,155.0,156.11,504227,AAP
1156,2016-04-09,157.0,157.29,155.0,156.11,504227,AAP
1157,2016-04-10,157.0,157.29,155.0,156.11,504227,AAP
1158,2016-04-11,156.25,157.28,154.75,154.77,364454,AAP
1159,2016-04-12,154.66,156.6,153.5,156.5,674564,AAP
1160,2016-04-13,157.68,160.9,157.46,160.49,696700,AAP
1161,2016-04-14,160.23,161.51,159.745,160.94,507498,AAP
1162,2016-04-15,161.02,162.02,160.02,161.19,411388,AAP
1163,2016-04-16,161.02,162.02,160.02,161.19,411388,AAP
1164,2016-04-17,161.02,162.02,160.02,161.19,411388,AAP
1165,2016-04-18,160.38,163.29,159.27,160.94,749066,AAP
1166,2016-04-19,161.87,162.7195,160.3,160.79,529449,AAP
1167,2016-04-20,161.02,161.34,158.39,158.39,682977,AAP
1168,2016-04-21,158.4,158.83,156.38,157.13,686186,AAP
1169,2016-04-22,157.38,158.96,155.18,158.4,540472,AAP
1170,2016-04-23,157.38,158.96,155.18,158.4,540472,AAP
1171,2016-04-24,157.38,158.96,155.18,158.4,540472,AAP
1172,2016-04-25,157.59,158.31,155.63,157.39,618651,AAP
1173,2016-04-26,157.89,158.76,156.19,158.28,656496,AAP
1174,2016-04-27,158.07,160.07,156.95,159.27,371188,AAP
1175,2016-04-28,157.58,158.43,155.43,155.87,635737,AAP
1176,2016-04-29,155.98,156.5,154.14,156.1,454783,AAP
1177,2016-04-30,155.98,156.5,154.14,156.1,454783,AAP
1178,2016-05-01,155.98,156.5,154.14,156.1,454783,AAP
1179,2016-05-02,156.34,156.76,152.6903,155.46,862236,AAP
1180,2016-05-03,155.23,156.97,153.91,156.01,530184,AAP
1181,2016-05-04,154.26,156.3,153.6875,155.84,356282,AAP
1182,2016-05-05,152.99,153.11,148.2,148.74,1548496,AAP
1183,2016-05-06,150.15,151.06,147.26,150.52,1011083,AAP
1184,2016-05-07,150.15,151.06,147.26,150.52,1011083,AAP
1185,2016-05-08,150.15,151.06,147.26,150.52,1011083,AAP
1186,2016-05-09,150.0,152.06,149.41,151.53,546788,AAP
1187,2016-05-10,152.39,153.58,151.37,152.29,684642,AAP
1188,2016-05-11,151.74,152.17,148.06,148.13,614416,AAP
1189,2016-05-12,148.99,151.03,147.99,150.0,842471,AAP
1190,2016-05-13,149.57,150.015,145.19,145.56,990130,AAP
1191,2016-05-14,149.57,150.015,145.19,145.56,990130,AAP
1192,2016-05-15,149.57,150.015,145.19,145.56,990130,AAP
1193,2016-05-16,145.55,148.61,145.45,148.14,965291,AAP
1194,2016-05-17,146.93,146.93,143.31,144.08,1615996,AAP
1195,2016-05-18,144.01,145.49,141.88,143.81,1604625,AAP
1196,2016-05-19,134.12,144.22,132.98,143.54,5397186,AAP
1197,2016-05-20,143.36,147.16,142.78,146.39,1948496,AAP
1198,2016-05-21,143.36,147.16,142.78,146.39,1948496,AAP
1199,2016-05-22,143.36,147.16,142.78,146.39,1948496,AAP
1200,2016-05-23,145.58,147.5,145.1,145.87,1069800,AAP
1201,2016-05-24,144.9,149.95,144.9,149.34,1126806,AAP
1202,2016-05-25,149.28,154.335,148.795,153.53,1680957,AAP
1203,2016-05-26,154.55,156.79,153.5,156.66,2191670,AAP
1204,2016-05-27,156.81,157.76,155.9,156.31,1075606,AAP
1205,2016-05-28,156.81,157.76,155.9,156.31,1075606,AAP
1206,2016-05-29,156.81,157.76,155.9,156.31,1075606,AAP
1207,2016-05-30,156.81,157.76,155.9,156.31,1075606,AAP
1208,2016-05-31,156.99,156.99,153.71,153.84,1689865,AAP
1209,2016-06-01,153.84,153.89,151.93,153.34,1373740,AAP
1210,2016-06-02,151.39,153.16,150.58,152.15,1319927,AAP
1211,2016-06-03,151.67,152.67,149.73,150.71,895847,AAP
1212,2016-06-04,151.67,152.67,149.73,150.71,895847,AAP
1213,2016-06-05,151.67,152.67,149.73,150.71,895847,AAP
1214,2016-06-06,150.71,150.72,148.51,150.24,855163,AAP
1215,2016-06-07,150.32,152.055,149.445,151.71,1136119,AAP
1216,2016-06-08,151.5,154.19,151.475,153.52,1850323,AAP
1217,2016-06-09,153.89,157.46,153.89,156.78,2680412,AAP
1218,2016-06-10,154.9,155.64,152.7,153.02,966140,AAP
1219,2016-06-11,154.9,155.64,152.7,153.02,966140,AAP
1220,2016-06-12,154.9,155.64,152.7,153.02,966140,AAP
1221,2016-06-13,152.49,155.07,152.49,152.55,886365,AAP
1222,2016-06-14,152.75,153.59,151.1,152.64,1039566,AAP
1223,2016-06-15,152.88,155.18,152.6801,153.64,867130,AAP
1224,2016-06-16,152.41,154.22,151.74,153.94,942392,AAP
1225,2016-06-17,153.57,155.0,152.41,154.55,1036016,AAP
1226,2016-06-18,153.57,155.0,152.41,154.55,1036016,AAP
1227,2016-06-19,153.57,155.0,152.41,154.55,1036016,AAP
1228,2016-06-20,155.74,157.27,155.34,155.58,704923,AAP
1229,2016-06-21,155.56,156.31,153.89,154.44,806759,AAP
1230,2016-06-22,154.57,155.25,153.09,153.16,716795,AAP
1231,2016-06-23,154.44,155.11,153.71,154.93,831097,AAP
1232,2016-06-24,151.0,155.97,150.915,154.52,1750826,AAP
1233,2016-06-25,151.0,155.97,150.915,154.52,1750826,AAP
1234,2016-06-26,151.0,155.97,150.915,154.52,1750826,AAP
1235,2016-06-27,153.74,155.7,152.2,153.78,2242523,AAP
1236,2016-06-28,154.87,157.16,154.28,156.98,1533726,AAP
1237,2016-06-29,158.03,161.78,158.03,161.01,1560800,AAP
1238,2016-06-30,161.02,161.7,159.5,161.63,792319,AAP
1239,2016-07-01,162.16,164.7,161.7784,164.33,876525,AAP
1240,2016-07-02,162.16,164.7,161.7784,164.33,876525,AAP
1241,2016-07-03,162.16,164.7,161.7784,164.33,876525,AAP
1242,2016-07-04,162.16,164.7,161.7784,164.33,876525,AAP
1243,2016-07-05,162.46,163.64,160.32,161.19,754153,AAP
1244,2016-07-06,161.06,161.94,160.4,161.45,1162018,AAP
1245,2016-07-07,161.54,162.6075,160.05,161.13,672446,AAP
1246,2016-07-08,162.29,165.26,161.68,164.85,911119,AAP
1247,2016-07-09,162.29,165.26,161.68,164.85,911119,AAP
1248,2016-07-10,162.29,165.26,161.68,164.85,911119,AAP
1249,2016-07-11,164.85,166.3199,163.58,163.69,679249,AAP
1250,2016-07-12,164.5,164.92,162.55,163.55,860218,AAP
1251,2016-07-13,164.15,164.7299,160.54,162.91,906140,AAP
1252,2016-07-14,163.46,165.46,162.44,164.96,575344,AAP
1253,2016-07-15,165.45,165.79,164.39,164.59,677140,AAP
1254,2016-07-16,165.45,165.79,164.39,164.59,677140,AAP
1255,2016-07-17,165.45,165.79,164.39,164.59,677140,AAP
1256,2016-07-18,164.92,164.92,163.95,164.4,516779,AAP
1257,2016-07-19,163.17,163.77,161.66,163.7,855883,AAP
1258,2016-07-20,164.61,164.61,163.42,163.75,444976,AAP
1259,2016-07-21,163.49,164.36,162.99200000000002,164.09,420509,AAP
1260,2016-07-22,164.71,166.23,164.2,166.03,586043,AAP
1261,2016-07-23,164.71,166.23,164.2,166.03,586043,AAP
1262,2016-07-24,164.71,166.23,164.2,166.03,586043,AAP
1263,2016-07-25,165.99,166.7699,165.38,166.67,502959,AAP
1264,2016-07-26,166.94,168.115,165.67,166.23,877996,AAP
1265,2016-07-27,167.02,167.66,164.47,164.73,836093,AAP
1266,2016-07-28,164.67,172.87,164.41,170.34,1756217,AAP
1267,2016-07-29,170.0,170.29,168.5,169.86,1369218,AAP
1268,2016-07-30,170.0,170.29,168.5,169.86,1369218,AAP
1269,2016-07-31,170.0,170.29,168.5,169.86,1369218,AAP
1270,2016-08-01,169.26,169.57,168.07,168.5,844906,AAP
1271,2016-08-02,168.17,168.48,165.35,166.61,881808,AAP
1272,2016-08-03,166.44,168.66,164.9901,168.65,594501,AAP
1273,2016-08-04,168.38,170.38,168.31,170.18,1102690,AAP
1274,2016-08-05,170.5,171.95,170.2,170.49,1090294,AAP
1275,2016-08-06,170.5,171.95,170.2,170.49,1090294,AAP
1276,2016-08-07,170.5,171.95,170.2,170.49,1090294,AAP
1277,2016-08-08,170.49,171.31,168.75,168.88,1111884,AAP
1278,2016-08-09,168.75,169.56,166.29,166.5,513993,AAP
1279,2016-08-10,166.57,167.48,165.57,166.65,838730,AAP
1280,2016-08-11,167.8,170.42,166.66,166.71,829368,AAP
1281,2016-08-12,166.09,166.5,163.49,166.0,1165191,AAP
1282,2016-08-13,166.09,166.5,163.49,166.0,1165191,AAP
1283,2016-08-14,166.09,166.5,163.49,166.0,1165191,AAP
1284,2016-08-15,166.75,169.9,165.55,167.76,1854564,AAP
1285,2016-08-16,162.0,165.4,160.34,160.4,3030792,AAP
1286,2016-08-17,160.0,160.415,156.93,158.05,1986783,AAP
1287,2016-08-18,158.5,158.795,156.63,157.43,1370640,AAP
1288,2016-08-19,156.97,159.72,156.97,158.04,1140458,AAP
1289,2016-08-20,156.97,159.72,156.97,158.04,1140458,AAP
1290,2016-08-21,156.97,159.72,156.97,158.04,1140458,AAP
1291,2016-08-22,158.97,160.96,158.04,158.47,1151205,AAP
1292,2016-08-23,159.37,159.91,157.76,157.94,996185,AAP
1293,2016-08-24,158.93,163.97,158.93,160.36,1747569,AAP
1294,2016-08-25,160.05,160.92,158.94,160.18,784070,AAP
1295,2016-08-26,159.69,160.62,156.2,156.83,958592,AAP
1296,2016-08-27,159.69,160.62,156.2,156.83,958592,AAP
1297,2016-08-28,159.69,160.62,156.2,156.83,958592,AAP
1298,2016-08-29,156.83,158.39,156.71,157.67,550106,AAP
1299,2016-08-30,157.98,157.98,156.08,156.66,723077,AAP
1300,2016-08-31,156.79,157.86,155.89,157.38,699473,AAP
1301,2016-09-01,158.2,159.62,157.75,158.76,721680,AAP
1302,2016-09-02,158.79,159.65,158.05,158.57,635615,AAP
1303,2016-09-03,158.79,159.65,158.05,158.57,635615,AAP
1304,2016-09-04,158.79,159.65,158.05,158.57,635615,AAP
1305,2016-09-05,158.79,159.65,158.05,158.57,635615,AAP
1306,2016-09-06,158.81,160.86,158.7329,160.14,724611,AAP
1307,2016-09-07,160.3,162.2799,160.0203,161.88,908623,AAP
1308,2016-09-08,160.67,161.14,157.211,158.87,1739903,AAP
1309,2016-09-09,156.86,157.74,152.96,152.96,1497791,AAP
1310,2016-09-10,156.86,157.74,152.96,152.96,1497791,AAP
1311,2016-09-11,156.86,157.74,152.96,152.96,1497791,AAP
1312,2016-09-12,152.72,153.88,151.42,153.37,2165299,AAP
1313,2016-09-13,152.93,154.01,150.66,151.18,1177339,AAP
1314,2016-09-14,151.54,152.49,150.14,150.72,701007,AAP
1315,2016-09-15,150.49,150.85,148.71,148.94,1122025,AAP
1316,2016-09-16,148.26,148.99,147.73,148.11,961250,AAP
1317,2016-09-17,148.26,148.99,147.73,148.11,961250,AAP
1318,2016-09-18,148.26,148.99,147.73,148.11,961250,AAP
1319,2016-09-19,148.11,148.97,147.44,148.44,972161,AAP
1320,2016-09-20,149.05,149.26,145.28,145.89,1197144,AAP
1321,2016-09-21,145.58,146.57,145.15,146.33,1116964,AAP
1322,2016-09-22,147.62,149.74,147.0002,149.15,1569427,AAP
1323,2016-09-23,149.0,149.82,148.23,149.24,1375943,AAP
1324,2016-09-24,149.0,149.82,148.23,149.24,1375943,AAP
1325,2016-09-25,149.0,149.82,148.23,149.24,1375943,AAP
1326,2016-09-26,148.73,150.24,147.8,150.1,997320,AAP
1327,2016-09-27,151.58,152.7,150.59,151.01,1151257,AAP
1328,2016-09-28,151.25,151.34,148.69,149.0,1120639,AAP
1329,2016-09-29,148.92,148.93,146.08,146.74,812395,AAP
1330,2016-09-30,147.11,149.505,146.26,149.12,1065495,AAP
1331,2016-10-01,147.11,149.505,146.26,149.12,1065495,AAP
1332,2016-10-02,147.11,149.505,146.26,149.12,1065495,AAP
1333,2016-10-03,148.53,149.26,146.56,146.94,627750,AAP
1334,2016-10-04,147.32,148.09,146.11,146.54,592457,AAP
1335,2016-10-05,147.62,149.4,147.5,148.93,699115,AAP
1336,2016-10-06,148.67,149.09,147.42,148.71,608382,AAP
1337,2016-10-07,149.39,149.67,147.23,148.13,396775,AAP
1338,2016-10-08,149.39,149.67,147.23,148.13,396775,AAP
1339,2016-10-09,149.39,149.67,147.23,148.13,396775,AAP
1340,2016-10-10,149.0,149.82,147.805,148.06,436449,AAP
1341,2016-10-11,147.96,148.47,146.45,146.76,628592,AAP
1342,2016-10-12,146.63,149.07,146.57,147.96,512988,AAP
1343,2016-10-13,147.26,147.61,145.1,146.78,767281,AAP
1344,2016-10-14,147.58,148.56,146.3,146.64,565059,AAP
1345,2016-10-15,147.58,148.56,146.3,146.64,565059,AAP
1346,2016-10-16,147.58,148.56,146.3,146.64,565059,AAP
1347,2016-10-17,146.39,146.72,143.14,143.27,804436,AAP
1348,2016-10-18,144.15,144.89,140.58,142.99,1504869,AAP
1349,2016-10-19,142.06,145.0,138.02,142.23,2178405,AAP
1350,2016-10-20,142.09,142.73,140.87,141.3,924079,AAP
1351,2016-10-21,140.68,142.2,139.76,141.93,502215,AAP
1352,2016-10-22,140.68,142.2,139.76,141.93,502215,AAP
1353,2016-10-23,140.68,142.2,139.76,141.93,502215,AAP
1354,2016-10-24,142.92,143.54,140.64,141.1,1013288,AAP
1355,2016-10-25,140.43,144.26,140.09,143.81,1117820,AAP
1356,2016-10-26,143.52,144.66,142.69,143.96,871532,AAP
1357,2016-10-27,143.44,144.54,138.98,139.22,1363172,AAP
1358,2016-10-28,138.45,141.41,138.19,140.2,1014898,AAP
1359,2016-10-29,138.45,141.41,138.19,140.2,1014898,AAP
1360,2016-10-30,138.45,141.41,138.19,140.2,1014898,AAP
1361,2016-10-31,140.33,140.815,138.83,140.08,1277771,AAP
1362,2016-11-01,139.88,140.92,138.54,139.79,802128,AAP
1363,2016-11-02,139.66,140.0,137.12,138.14,731766,AAP
1364,2016-11-03,138.8,140.29,138.23,138.85,1020029,AAP
1365,2016-11-04,138.85,140.0,135.76,136.19,1095257,AAP
1366,2016-11-05,138.85,140.0,135.76,136.19,1095257,AAP
1367,2016-11-06,138.85,140.0,135.76,136.19,1095257,AAP
1368,2016-11-07,137.54,137.83,136.22,137.54,859341,AAP
1369,2016-11-08,137.45,139.0,136.1,137.67,921046,AAP
1370,2016-11-09,134.79,140.54,134.08,140.33,1349866,AAP
1371,2016-11-10,140.85,146.45,140.85,145.82,2272028,AAP
1372,2016-11-11,145.11,147.23,143.63,145.02,1740079,AAP
1373,2016-11-12,145.11,147.23,143.63,145.02,1740079,AAP
1374,2016-11-13,145.11,147.23,143.63,145.02,1740079,AAP
1375,2016-11-14,145.28,147.0,142.2,142.9,3409800,AAP
1376,2016-11-15,164.0,166.9,161.5278,164.33,7352943,AAP
1377,2016-11-16,163.21,163.74,160.95,162.98,1880936,AAP
1378,2016-11-17,163.44,166.97,162.34,166.32,1496734,AAP
1379,2016-11-18,166.12,166.73,162.225,162.57,1226554,AAP
1380,2016-11-19,166.12,166.73,162.225,162.57,1226554,AAP
1381,2016-11-20,166.12,166.73,162.225,162.57,1226554,AAP
1382,2016-11-21,162.75,167.39,162.0,166.9,764665,AAP
1383,2016-11-22,167.63,170.98,167.07,170.29,1387858,AAP
1384,2016-11-23,170.26,171.51,168.65,171.04,982068,AAP
1385,2016-11-24,170.26,171.51,168.65,171.04,982068,AAP
1386,2016-11-25,171.69,172.02,170.13,170.86,405559,AAP
1387,2016-11-26,171.69,172.02,170.13,170.86,405559,AAP
1388,2016-11-27,171.69,172.02,170.13,170.86,405559,AAP
1389,2016-11-28,171.15,174.31,170.55,170.77,1023076,AAP
1390,2016-11-29,172.34,173.49,169.7,169.8,639718,AAP
1391,2016-11-30,169.48,170.67,168.41,169.72,827542,AAP
1392,2016-12-01,169.18,171.57,167.32,170.76,858744,AAP
1393,2016-12-02,170.46,171.98,169.88,170.14,487012,AAP
1394,2016-12-03,170.46,171.98,169.88,170.14,487012,AAP
1395,2016-12-04,170.46,171.98,169.88,170.14,487012,AAP
1396,2016-12-05,171.44,171.96,169.96,170.53,740266,AAP
1397,2016-12-06,170.18,173.76,169.85,173.31,753400,AAP
1398,2016-12-07,172.38,177.0,172.38,176.78,774460,AAP
1399,2016-12-08,176.41,177.83,175.18,176.52,796781,AAP
1400,2016-12-09,176.05,177.32,173.96,175.58,521612,AAP
1401,2016-12-10,176.05,177.32,173.96,175.58,521612,AAP
1402,2016-12-11,176.05,177.32,173.96,175.58,521612,AAP
1403,2016-12-12,174.21,175.65,171.76,173.0,1089596,AAP
1404,2016-12-13,173.26,174.945,171.15,171.87,1015188,AAP
1405,2016-12-14,173.03,174.29,169.89,171.51,1458012,AAP
1406,2016-12-15,171.62,173.45,171.01,172.92,663537,AAP
1407,2016-12-16,173.36,173.99,171.17,171.91,891704,AAP
1408,2016-12-17,173.36,173.99,171.17,171.91,891704,AAP
1409,2016-12-18,173.36,173.99,171.17,171.91,891704,AAP
1410,2016-12-19,171.61,175.55,171.61,173.82,549230,AAP
1411,2016-12-20,174.26,176.33,172.22,175.63,1246277,AAP
1412,2016-12-21,174.76,175.4686,173.31,173.51,454730,AAP
1413,2016-12-22,172.7,173.41,169.69,170.39,946108,AAP
1414,2016-12-23,170.69,172.075,170.0,170.89,334299,AAP
1415,2016-12-24,170.69,172.075,170.0,170.89,334299,AAP
1416,2016-12-25,170.69,172.075,170.0,170.89,334299,AAP
1417,2016-12-26,170.69,172.075,170.0,170.89,334299,AAP
1418,2016-12-27,170.72,172.75,170.72,171.84,508693,AAP
1419,2016-12-28,172.01,172.925,170.35,170.42,360259,AAP
1420,2016-12-29,170.08,171.08,169.46,170.28,431392,AAP
1421,2016-12-30,171.32,172.0,168.6,169.12,513003,AAP
1422,2016-12-31,171.32,172.0,168.6,169.12,513003,AAP
1423,2017-01-01,171.32,172.0,168.6,169.12,513003,AAP
1424,2017-01-02,171.32,172.0,168.6,169.12,513003,AAP
1425,2017-01-03,170.78,171.36,169.31,170.6,691526,AAP
1426,2017-01-04,170.37,173.1712,170.37,172.0,642367,AAP
1427,2017-01-05,170.87,173.06,170.23,171.88,860980,AAP
1428,2017-01-06,171.32,171.99,169.3,169.63,827978,AAP
1429,2017-01-07,171.32,171.99,169.3,169.63,827978,AAP
1430,2017-01-08,171.32,171.99,169.3,169.63,827978,AAP
1431,2017-01-09,170.06,170.28,168.32,169.53,560162,AAP
1432,2017-01-10,168.7,171.92,168.63,169.92,621328,AAP
1433,2017-01-11,173.51,174.99,170.92,173.43,889019,AAP
1434,2017-01-12,172.42,174.61,172.0,174.47,747356,AAP
1435,2017-01-13,174.42,175.86,173.52,174.79,1196160,AAP
1436,2017-01-14,174.42,175.86,173.52,174.79,1196160,AAP
1437,2017-01-15,174.42,175.86,173.52,174.79,1196160,AAP
1438,2017-01-16,174.42,175.86,173.52,174.79,1196160,AAP
1439,2017-01-17,174.34,177.5,172.94,173.0,1048921,AAP
1440,2017-01-18,173.01,174.18,171.76,173.98,791460,AAP
1441,2017-01-19,174.21,174.82,171.22,171.72,606596,AAP
1442,2017-01-20,172.24,172.91,170.41,171.5,731320,AAP
1443,2017-01-21,172.24,172.91,170.41,171.5,731320,AAP
1444,2017-01-22,172.24,172.91,170.41,171.5,731320,AAP
1445,2017-01-23,167.08,168.63,164.27,167.78,1416776,AAP
1446,2017-01-24,168.8,170.98,167.78,168.29,882432,AAP
1447,2017-01-25,169.4,170.31,167.0,167.5,969050,AAP
1448,2017-01-26,167.75,169.42,165.34,165.5,1301606,AAP
1449,2017-01-27,166.15,166.28,163.94,164.37,768677,AAP
1450,2017-01-28,166.15,166.28,163.94,164.37,768677,AAP
1451,2017-01-29,166.15,166.28,163.94,164.37,768677,AAP
1452,2017-01-30,165.35,165.35,162.89,164.63,727006,AAP
1453,2017-01-31,163.9,164.68,162.27,164.24,1056018,AAP
1454,2017-02-01,163.99,164.89,159.7,160.59,1595047,AAP
1455,2017-02-02,160.09,163.05,160.0,162.34,1485466,AAP
1456,2017-02-03,162.98,163.7,161.92,162.75,850541,AAP
1457,2017-02-04,162.98,163.7,161.92,162.75,850541,AAP
1458,2017-02-05,162.98,163.7,161.92,162.75,850541,AAP
1459,2017-02-06,161.73,163.026,159.93,160.27,944739,AAP
1460,2017-02-07,161.21,162.06,157.78,159.18,1191286,AAP
1461,2017-02-08,158.29,163.65,158.255,162.73,1921974,AAP
1462,2017-02-09,162.26,165.17,161.31,164.83,1101988,AAP
1463,2017-02-10,165.23,165.87,163.19,164.05,735041,AAP
1464,2017-02-11,165.23,165.87,163.19,164.05,735041,AAP
1465,2017-02-12,165.23,165.87,163.19,164.05,735041,AAP
1466,2017-02-13,165.0,165.0,162.15,162.39,986197,AAP
1467,2017-02-14,162.39,164.79,161.85,164.37,935270,AAP
1468,2017-02-15,163.29,165.3,163.005,163.88,694726,AAP
1469,2017-02-16,164.21,164.46,160.32,160.99,1357842,AAP
1470,2017-02-17,160.61,161.88,159.75,161.58,1561644,AAP
1471,2017-02-18,160.61,161.88,159.75,161.58,1561644,AAP
1472,2017-02-19,160.61,161.88,159.75,161.58,1561644,AAP
1473,2017-02-20,160.61,161.88,159.75,161.58,1561644,AAP
1474,2017-02-21,164.5,169.55,160.685,161.15,3286425,AAP
1475,2017-02-22,160.74,161.99,155.27,159.68,3443098,AAP
1476,2017-02-23,159.32,159.66,156.66,157.72,1396171,AAP
1477,2017-02-24,156.46,158.23,155.45,157.33,1599603,AAP
1478,2017-02-25,156.46,158.23,155.45,157.33,1599603,AAP
1479,2017-02-26,156.46,158.23,155.45,157.33,1599603,AAP
1480,2017-02-27,156.85,157.39,155.36,156.94,1443682,AAP
1481,2017-02-28,155.64,158.69,155.18,156.61,1087279,AAP
1482,2017-03-01,158.59,158.59,155.64,156.68,1037787,AAP
1483,2017-03-02,156.68,158.09,156.45,157.36,1158091,AAP
1484,2017-03-03,157.3,158.135,154.3,155.35,1252168,AAP
1485,2017-03-04,157.3,158.135,154.3,155.35,1252168,AAP
1486,2017-03-05,157.3,158.135,154.3,155.35,1252168,AAP
1487,2017-03-06,155.35,156.095,154.19,154.25,1057931,AAP
1488,2017-03-07,154.26,154.8,151.62,151.99,1102655,AAP
1489,2017-03-08,153.51,155.74,152.82,155.21,1415557,AAP
1490,2017-03-09,154.97,155.48,154.21,155.15,1024584,AAP
1491,2017-03-10,155.52,155.81,153.39,153.97,1064539,AAP
1492,2017-03-11,155.52,155.81,153.39,153.97,1064539,AAP
1493,2017-03-12,155.52,155.81,153.39,153.97,1064539,AAP
1494,2017-03-13,152.76,154.96,151.99,154.35,978870,AAP
1495,2017-03-14,154.3,154.64,152.9,153.71,896586,AAP
1496,2017-03-15,153.58,153.6,151.15,152.92,1593712,AAP
1497,2017-03-16,152.74,153.7699,151.83,153.41,583526,AAP
1498,2017-03-17,152.42,153.25,150.9,152.4,1135226,AAP
1499,2017-03-18,152.42,153.25,150.9,152.4,1135226,AAP
1500,2017-03-19,152.42,153.25,150.9,152.4,1135226,AAP
1501,2017-03-20,152.95,154.23,151.86,152.44,1051411,AAP
1502,2017-03-21,152.54,152.83,150.64,151.22,1061888,AAP
1503,2017-03-22,151.6,152.06,150.46,151.27,661744,AAP
1504,2017-03-23,151.27,152.38,150.12,150.78,653079,AAP
1505,2017-03-24,150.78,151.0,149.35,149.73,615648,AAP
1506,2017-03-25,150.78,151.0,149.35,149.73,615648,AAP
1507,2017-03-26,150.78,151.0,149.35,149.73,615648,AAP
1508,2017-03-27,148.5,148.77,146.175,147.8,769881,AAP
1509,2017-03-28,147.19,148.88,146.36,148.36,1119285,AAP
1510,2017-03-29,148.38,150.07,147.61,149.67,739014,AAP
1511,2017-03-30,149.24,149.64,148.35,148.67,699640,AAP
1512,2017-03-31,148.26,149.4,147.38,148.26,981765,AAP
1513,2017-04-01,148.26,149.4,147.38,148.26,981765,AAP
1514,2017-04-02,148.26,149.4,147.38,148.26,981765,AAP
1515,2017-04-03,148.4,149.2,143.56,145.5,2029797,AAP
1516,2017-04-04,144.93,145.22,142.67,143.04,1072160,AAP
1517,2017-04-05,143.76,144.69,142.54,142.74,741494,AAP
1518,2017-04-06,143.75,144.6525,142.36,142.56,765329,AAP
1519,2017-04-07,142.51,143.54,141.93,142.05,928087,AAP
1520,2017-04-08,142.51,143.54,141.93,142.05,928087,AAP
1521,2017-04-09,142.51,143.54,141.93,142.05,928087,AAP
1522,2017-04-10,141.88,143.7625,141.87,142.84,739370,AAP
1523,2017-04-11,142.49,143.92,141.49,143.46,763668,AAP
1524,2017-04-12,142.91,142.91,141.07,141.74,596053,AAP
1525,2017-04-13,141.92,142.84,140.89,140.89,476659,AAP
1526,2017-04-14,141.92,142.84,140.89,140.89,476659,AAP
1527,2017-04-15,141.92,142.84,140.89,140.89,476659,AAP
1528,2017-04-16,141.92,142.84,140.89,140.89,476659,AAP
1529,2017-04-17,141.26,141.48,140.15,140.84,646328,AAP
1530,2017-04-18,140.33,141.6,140.33,140.91,646351,AAP
1531,2017-04-19,141.53,144.77,141.53,142.42,1230053,AAP
1532,2017-04-20,143.56,146.82,143.09,146.56,1278897,AAP
1533,2017-04-21,146.47,147.02,145.03,146.84,1021629,AAP
1534,2017-04-22,146.47,147.02,145.03,146.84,1021629,AAP
1535,2017-04-23,146.47,147.02,145.03,146.84,1021629,AAP
1536,2017-04-24,147.88,148.35,145.92,147.1,905172,AAP
1537,2017-04-25,147.0,147.0,144.2,145.67,1030394,AAP
1538,2017-04-26,146.29,146.91,145.4,145.78,1112945,AAP
1539,2017-04-27,145.75,148.28,140.96,143.19,2079744,AAP
1540,2017-04-28,142.97,142.97,140.12,142.14,1458997,AAP
1541,2017-04-29,142.97,142.97,140.12,142.14,1458997,AAP
1542,2017-04-30,142.97,142.97,140.12,142.14,1458997,AAP
1543,2017-05-01,143.15,143.15,140.36,140.53,922511,AAP
1544,2017-05-02,140.44,142.67,139.87,142.55,806357,AAP
1545,2017-05-03,142.49,143.43,141.96,142.82,545257,AAP
1546,2017-05-04,142.71,144.95,142.71,144.81,595927,AAP
1547,2017-05-05,144.98,145.02,143.6,144.98,617481,AAP
1548,2017-05-06,144.98,145.02,143.6,144.98,617481,AAP
1549,2017-05-07,144.98,145.02,143.6,144.98,617481,AAP
1550,2017-05-08,145.17,147.06,144.76,146.97,838300,AAP
1551,2017-05-09,146.81,147.11,144.79,146.12,808001,AAP
1552,2017-05-10,145.83,146.26,145.15,146.16,383817,AAP
1553,2017-05-11,145.49,146.165,143.0275,145.95,773048,AAP
1554,2017-05-12,145.76,145.76,144.39,145.02,593161,AAP
1555,2017-05-13,145.76,145.76,144.39,145.02,593161,AAP
1556,2017-05-14,145.76,145.76,144.39,145.02,593161,AAP
1557,2017-05-15,144.66,147.154,144.49,145.85,1097685,AAP
1558,2017-05-16,146.65,146.65,142.11,145.25,2320079,AAP
1559,2017-05-17,143.71,145.13,142.8902,144.56,1206115,AAP
1560,2017-05-18,144.73,149.1609,144.52,148.51,1581080,AAP
1561,2017-05-19,148.85,151.72,147.91,151.47,1617166,AAP
1562,2017-05-20,148.85,151.72,147.91,151.47,1617166,AAP
1563,2017-05-21,148.85,151.72,147.91,151.47,1617166,AAP
1564,2017-05-22,150.9,151.35,147.2,147.37,1921481,AAP
1565,2017-05-23,139.15,143.83,139.14,140.66,3897489,AAP
1566,2017-05-24,131.65,135.9,131.3,133.02,5964623,AAP
1567,2017-05-25,133.0,134.0667,129.4,131.97,3933558,AAP
1568,2017-05-26,131.84,135.7,131.44,134.16,2250326,AAP
1569,2017-05-27,131.84,135.7,131.44,134.16,2250326,AAP
1570,2017-05-28,131.84,135.7,131.44,134.16,2250326,AAP
1571,2017-05-29,131.84,135.7,131.44,134.16,2250326,AAP
1572,2017-05-30,134.65,135.21,132.77,132.99,1544291,AAP
1573,2017-05-31,134.14,135.4,131.62,133.63,2118495,AAP
1574,2017-06-01,134.1,137.1,133.747,137.1,1313286,AAP
1575,2017-06-02,136.98,138.23,136.13,137.8,1209178,AAP
1576,2017-06-03,136.98,138.23,136.13,137.8,1209178,AAP
1577,2017-06-04,136.98,138.23,136.13,137.8,1209178,AAP
1578,2017-06-05,137.0,137.0,134.73,135.57,1406799,AAP
1579,2017-06-06,134.99,134.99,129.95,131.3,2213019,AAP
1580,2017-06-07,132.09,133.94,130.37,130.62,996380,AAP
1581,2017-06-08,130.44,131.38,125.82,125.92,2226115,AAP
1582,2017-06-09,125.94,128.63,123.49,128.36,1679215,AAP
1583,2017-06-10,125.94,128.63,123.49,128.36,1679215,AAP
1584,2017-06-11,125.94,128.63,123.49,128.36,1679215,AAP
1585,2017-06-12,128.11,131.29,127.63,130.95,1466238,AAP
1586,2017-06-13,130.95,131.67,128.63,131.63,896109,AAP
1587,2017-06-14,131.93,131.93,130.13,130.59,881532,AAP
1588,2017-06-15,130.53,131.81,129.1,131.15,1221221,AAP
1589,2017-06-16,130.47,130.92,127.64,130.16,1725200,AAP
1590,2017-06-17,130.47,130.92,127.64,130.16,1725200,AAP
1591,2017-06-18,130.47,130.92,127.64,130.16,1725200,AAP
1592,2017-06-19,130.3,131.0699,128.58,129.6,1069453,AAP
1593,2017-06-20,128.28,128.35,123.57,123.58,2233650,AAP
1594,2017-06-21,124.26,124.26,118.26,120.11,2492913,AAP
1595,2017-06-22,120.21,122.515,119.83,120.7,2118406,AAP
1596,2017-06-23,120.75,121.43,118.75,119.74,2289560,AAP
1597,2017-06-24,120.75,121.43,118.75,119.74,2289560,AAP
1598,2017-06-25,120.75,121.43,118.75,119.74,2289560,AAP
1599,2017-06-26,120.06,124.62,120.06,121.79,1544443,AAP
1600,2017-06-27,121.39,123.3,121.285,121.96,1652619,AAP
1601,2017-06-28,119.75,120.6,116.63,116.71,2106073,AAP
1602,2017-06-29,116.25,118.25,115.62,116.05,2184088,AAP
1603,2017-06-30,116.45,117.82,116.03,116.59,994926,AAP
1604,2017-07-01,116.45,117.82,116.03,116.59,994926,AAP
1605,2017-07-02,116.45,117.82,116.03,116.59,994926,AAP
1606,2017-07-03,117.45,118.73,116.27,118.41,914839,AAP
1607,2017-07-04,117.45,118.73,116.27,118.41,914839,AAP
1608,2017-07-05,110.13,111.7,99.13,105.21,7348683,AAP
1609,2017-07-06,104.48,105.8299,102.25,103.16,2718737,AAP
1610,2017-07-07,102.7,103.17,100.93,101.93,2118536,AAP
1611,2017-07-08,102.7,103.17,100.93,101.93,2118536,AAP
1612,2017-07-09,102.7,103.17,100.93,101.93,2118536,AAP
1613,2017-07-10,101.94,102.39,99.5,101.17,1909276,AAP
1614,2017-07-11,101.15,101.9334,99.37,100.25,1433046,AAP
1615,2017-07-12,101.03,102.43,100.5,100.94,1997099,AAP
1616,2017-07-13,100.69,103.785,100.69,103.22,2222263,AAP
1617,2017-07-14,103.66,103.68,101.63,102.04,1205382,AAP
1618,2017-07-15,103.66,103.68,101.63,102.04,1205382,AAP
1619,2017-07-16,103.66,103.68,101.63,102.04,1205382,AAP
1620,2017-07-17,101.81,102.99,101.62,101.74,1647627,AAP
1621,2017-07-18,101.78,102.0,99.98,100.3,2218330,AAP
1622,2017-07-19,100.47,101.91,99.95,100.87,1413728,AAP
1623,2017-07-20,100.7,104.14,99.81,103.23,1714491,AAP
1624,2017-07-21,103.37,105.46,103.36,105.27,1216390,AAP
1625,2017-07-22,103.37,105.46,103.36,105.27,1216390,AAP
1626,2017-07-23,103.37,105.46,103.36,105.27,1216390,AAP
1627,2017-07-24,105.11,105.2,103.12,103.17,1413681,AAP
1628,2017-07-25,103.59,105.96,103.47,105.29,1249098,AAP
1629,2017-07-26,105.73,107.48,105.181,106.7,1700196,AAP
1630,2017-07-27,108.05,110.54,107.24,110.34,2247257,AAP
1631,2017-07-28,109.9,111.19,109.25,110.21,1033123,AAP
1632,2017-07-29,109.9,111.19,109.25,110.21,1033123,AAP
1633,2017-07-30,109.9,111.19,109.25,110.21,1033123,AAP
1634,2017-07-31,111.61,112.9,110.5536,112.01,1979595,AAP
1635,2017-08-01,113.68,114.88,113.46,114.48,1775193,AAP
1636,2017-08-02,113.68,114.88,113.46,114.48,1775211,AAP
1637,2017-08-03,114.27,115.4,110.45,110.53,1812661,AAP
1638,2017-08-04,111.13,111.85,110.3,111.01,944085,AAP
1639,2017-08-05,111.13,111.85,110.3,111.01,944085,AAP
1640,2017-08-06,111.13,111.85,110.3,111.01,944085,AAP
1641,2017-08-07,110.86,111.17,108.2,109.49,1435339,AAP
1642,2017-08-08,109.51,110.81,108.29,109.39,863575,AAP
1643,2017-08-09,109.24,110.28,108.41,109.18,938469,AAP
1644,2017-08-10,108.44,108.82,105.25,106.13,1844461,AAP
1645,2017-08-11,106.09,107.47,105.24,107.34,1903503,AAP
1646,2017-08-12,106.09,107.47,105.24,107.34,1903503,AAP
1647,2017-08-13,106.09,107.47,105.24,107.34,1903503,AAP
1648,2017-08-14,107.88,109.81,106.33,109.32,2130226,AAP
1649,2017-08-15,91.99,93.0,82.21,87.08,19749515,AAP
1650,2017-08-16,86.56,92.85,86.5501,91.51,6530756,AAP
1651,2017-08-17,90.75,95.49,90.18,92.85,4675083,AAP
1652,2017-08-18,92.84,95.0,92.13,93.26,3073777,AAP
1653,2017-08-19,92.84,95.0,92.13,93.26,3073777,AAP
1654,2017-08-20,92.84,95.0,92.13,93.26,3073777,AAP
1655,2017-08-21,93.93,95.95,93.52,95.19,1968927,AAP
1656,2017-08-22,95.23,96.75,95.07,95.8,2075160,AAP
1657,2017-08-23,95.29,95.96,93.1,93.54,1775610,AAP
1658,2017-08-24,94.18,95.25,92.36,93.1,1407762,AAP
1659,2017-08-25,93.49,97.84,93.0,95.8,1633170,AAP
1660,2017-08-26,93.49,97.84,93.0,95.8,1633170,AAP
1661,2017-08-27,93.49,97.84,93.0,95.8,1633170,AAP
1662,2017-08-28,95.94,96.31,93.95,94.66,1108307,AAP
1663,2017-08-29,93.9,95.31,93.1,95.12,1749409,AAP
1664,2017-08-30,95.12,98.08,95.12,96.81,1441156,AAP
1665,2017-08-31,97.29,98.61,96.84,97.9,1913359,AAP
1666,2017-09-01,98.31,99.43,97.65,98.06,1095568,AAP
1667,2017-09-02,98.31,99.43,97.65,98.06,1095568,AAP
1668,2017-09-03,98.31,99.43,97.65,98.06,1095568,AAP
1669,2017-09-04,98.31,99.43,97.65,98.06,1095568,AAP
1670,2017-09-05,97.71,98.92,96.28,96.73,1194010,AAP
1671,2017-09-06,96.92,97.7,95.02,95.61,1893184,AAP
1672,2017-09-07,96.0,96.33,92.77,93.53,2863191,AAP
1673,2017-09-08,93.59,95.03,92.48,94.03,1823769,AAP
1674,2017-09-09,93.59,95.03,92.48,94.03,1823769,AAP
1675,2017-09-10,93.59,95.03,92.48,94.03,1823769,AAP
1676,2017-09-11,94.0,95.02,93.37,94.4,1249884,AAP
1677,2017-09-12,92.31,97.95,91.46,97.26,2286783,AAP
1678,2017-09-13,97.07,100.32,97.07,100.1,2080199,AAP
1679,2017-09-14,100.09,100.09,99.0,100.02,1322733,AAP
1680,2017-09-15,99.77,99.77,98.26,99.51,2586874,AAP
1681,2017-09-16,99.77,99.77,98.26,99.51,2586874,AAP
1682,2017-09-17,99.77,99.77,98.26,99.51,2586874,AAP
1683,2017-09-18,99.66,100.29,98.49,98.58,2072136,AAP
1684,2017-09-19,99.0,100.71,94.24,94.85,3099110,AAP
1685,2017-09-20,94.5,96.1,93.67,94.75,1454378,AAP
1686,2017-09-21,94.75,94.97,93.19,93.68,1597290,AAP
1687,2017-09-22,93.9,95.906,93.68,95.59,1784094,AAP
1688,2017-09-23,93.9,95.906,93.68,95.59,1784094,AAP
1689,2017-09-24,93.9,95.906,93.68,95.59,1784094,AAP
1690,2017-09-25,95.83,98.55,95.39,97.94,2681297,AAP
1691,2017-09-26,97.99,98.43,96.9,97.59,1175482,AAP
1692,2017-09-27,98.2,99.45,97.41,99.33,1253987,AAP
1693,2017-09-28,99.26,99.92,98.91,99.5,1132752,AAP
1694,2017-09-29,99.7,99.99,98.2377,99.2,1878241,AAP
1695,2017-09-30,99.7,99.99,98.2377,99.2,1878241,AAP
1696,2017-10-01,99.7,99.99,98.2377,99.2,1878241,AAP
1697,2017-10-02,99.58,99.74,98.39,99.36,1517333,AAP
1698,2017-10-03,99.46,100.095,98.24,98.98,934960,AAP
1699,2017-10-04,95.04,98.41,94.48,94.93,2780255,AAP
1700,2017-10-05,94.77,95.85,93.6,94.33,2050807,AAP
1701,2017-10-06,94.14,95.67,93.69,94.29,1316795,AAP
1702,2017-10-07,94.14,95.67,93.69,94.29,1316795,AAP
1703,2017-10-08,94.14,95.67,93.69,94.29,1316795,AAP
1704,2017-10-09,94.23,94.47,90.99,91.12,1951654,AAP
1705,2017-10-10,91.22,92.38,91.02,91.84,1260603,AAP
1706,2017-10-11,91.7,92.16,89.18,89.4,1527602,AAP
1707,2017-10-12,89.38,89.5,86.49,86.56,2514625,AAP
1708,2017-10-13,86.76,86.8726,85.4,85.51,1969473,AAP
1709,2017-10-14,86.76,86.8726,85.4,85.51,1969473,AAP
1710,2017-10-15,86.76,86.8726,85.4,85.51,1969473,AAP
1711,2017-10-16,85.7,86.05,84.755,86.01,2448040,AAP
1712,2017-10-17,86.38,88.97,86.2,88.09,2100239,AAP
1713,2017-10-18,87.83,88.88,87.44,87.81,2345242,AAP
1714,2017-10-19,86.24,87.96,85.34,86.92,2400967,AAP
1715,2017-10-20,87.36,87.72,85.93,86.78,1156760,AAP
1716,2017-10-21,87.36,87.72,85.93,86.78,1156760,AAP
1717,2017-10-22,87.36,87.72,85.93,86.78,1156760,AAP
1718,2017-10-23,86.55,87.44,85.58,85.91,1345034,AAP
1719,2017-10-24,85.73,85.93,83.5,84.25,1789466,AAP
1720,2017-10-25,83.71,84.06,81.82,83.29,1965490,AAP
1721,2017-10-26,82.89,87.64,81.31,85.65,3229414,AAP
1722,2017-10-27,85.14,85.65,81.805,81.93,2927815,AAP
1723,2017-10-28,85.14,85.65,81.805,81.93,2927815,AAP
1724,2017-10-29,85.14,85.65,81.805,81.93,2927815,AAP
1725,2017-10-30,81.93,82.13,81.13,82.0,2309813,AAP
1726,2017-10-31,82.17,83.1523,81.68,81.74,1081473,AAP
1727,2017-11-01,82.33,82.74,80.68,80.75,1157567,AAP
1728,2017-11-02,81.02,82.91,80.21,81.69,1669094,AAP
1729,2017-11-03,81.39,82.38,80.27,81.8,1108556,AAP
1730,2017-11-04,81.39,82.38,80.27,81.8,1108556,AAP
1731,2017-11-05,81.39,82.38,80.27,81.8,1108556,AAP
1732,2017-11-06,81.53,81.81,80.31,80.71,1173931,AAP
1733,2017-11-07,80.66,80.83,78.9,79.38,1262100,AAP
1734,2017-11-08,79.2,80.62,78.81,79.41,3233416,AAP
1735,2017-11-09,79.56,81.09,79.14,80.45,1898501,AAP
1736,2017-11-10,80.16,81.99,80.0,81.22,1942381,AAP
1737,2017-11-11,80.16,81.99,80.0,81.22,1942381,AAP
1738,2017-11-12,80.16,81.99,80.0,81.22,1942381,AAP
1739,2017-11-13,80.72,82.82,80.46,82.28,3894463,AAP
1740,2017-11-14,94.88,102.89,94.75,95.72,10153820,AAP
1741,2017-11-15,93.93,95.49,91.37,91.58,3073970,AAP
1742,2017-11-16,92.0,92.77,89.24,90.5,2288968,AAP
1743,2017-11-17,91.02,91.44,89.13,89.27,1549220,AAP
1744,2017-11-18,91.02,91.44,89.13,89.27,1549220,AAP
1745,2017-11-19,91.02,91.44,89.13,89.27,1549220,AAP
1746,2017-11-20,89.21,91.68,88.24,91.43,1498321,AAP
1747,2017-11-21,90.94,90.95,88.9,88.93,1610673,AAP
1748,2017-11-22,89.2,90.31,88.82,89.62,907746,AAP
1749,2017-11-23,89.2,90.31,88.82,89.62,907746,AAP
1750,2017-11-24,89.64,89.9,88.96,89.23,523496,AAP
1751,2017-11-25,89.64,89.9,88.96,89.23,523496,AAP
1752,2017-11-26,89.64,89.9,88.96,89.23,523496,AAP
1753,2017-11-27,89.61,90.7839,89.04,89.87,858761,AAP
1754,2017-11-28,89.89,92.91,89.63,92.84,1145412,AAP
1755,2017-11-29,93.96,100.37,93.405,99.95,3895424,AAP
1756,2017-11-30,99.58,101.65,98.67,101.0,2353902,AAP
1757,2017-12-01,100.74,100.97,97.89,99.28,2253440,AAP
1758,2017-12-02,100.74,100.97,97.89,99.28,2253440,AAP
1759,2017-12-03,100.74,100.97,97.89,99.28,2253440,AAP
1760,2017-12-04,100.94,105.2,100.76,104.02,2225108,AAP
1761,2017-12-05,107.1,107.79,100.02,101.15,2462381,AAP
1762,2017-12-06,100.87,101.42,97.47,97.5,1285815,AAP
1763,2017-12-07,97.75,98.37,96.57,97.61,1171737,AAP
1764,2017-12-08,98.21,100.62,97.38,100.31,925634,AAP
1765,2017-12-09,98.21,100.62,97.38,100.31,925634,AAP
1766,2017-12-10,98.21,100.62,97.38,100.31,925634,AAP
1767,2017-12-11,100.15,101.67,99.11,100.85,1490269,AAP
1768,2017-12-12,101.71,105.56,101.71,103.03,2442653,AAP
1769,2017-12-13,103.63,103.72,101.86,102.5,1093054,AAP
1770,2017-12-14,103.655,103.9,99.771,100.2,1111437,AAP
1771,2017-12-15,101.18,101.72,100.17,100.7,1617013,AAP
1772,2017-12-16,101.18,101.72,100.17,100.7,1617013,AAP
1773,2017-12-17,101.18,101.72,100.17,100.7,1617013,AAP
1774,2017-12-18,101.86,103.1,100.65,102.71,844821,AAP
1775,2017-12-19,102.645,102.8632,99.39,99.73,1334064,AAP
1776,2017-12-20,100.54,100.91,98.03,98.59,1081813,AAP
1777,2017-12-21,99.17,100.52,98.2,100.13,1089958,AAP
1778,2017-12-22,100.52,100.8336,99.71,100.55,1257605,AAP
1779,2017-12-23,100.52,100.8336,99.71,100.55,1257605,AAP
1780,2017-12-24,100.52,100.8336,99.71,100.55,1257605,AAP
1781,2017-12-25,100.52,100.8336,99.71,100.55,1257605,AAP
1782,2017-12-26,100.8,102.75,100.65,101.96,565122,AAP
1783,2017-12-27,101.72,101.72,99.4,99.77,988503,AAP
1784,2017-12-28,99.86,99.91,98.17,99.71,604645,AAP
1785,2017-12-29,99.85,100.99,99.5,99.69,969168,AAP
1786,2017-12-30,99.85,100.99,99.5,99.69,969168,AAP
1787,2017-12-31,99.85,100.99,99.5,99.69,969168,AAP
1788,2010-01-01,99.85,100.99,99.5,99.69,969168,AAP